04|04|75D214100C67664,3912380422C0,Ragetti E. Dominic,1,70717,3,2
02|02|B44FF2F45A3B8090,28DE4713DE67,Theodore S. Cameron,1,3775,2,1
05|05|B8F5955D612D382C,6C9911977C05,Will H. Brooklyn,1,10925521,4,3
05|05|4616A0743D75FC8C,AF188371E36A,Shansa B. Alexis,1,11374056,4,2
03|03|1859A1CA8974A9B1,793673113122,Giselle T. Charlotte,1,6214,3,1
04|04|16A15E6FD5D389A7,10C8280C171,Pintel Q. Angel,1,3708,3,3
05|05|B765AC7477E27D2B,5A026522A9A3,Owen K. Christopher,1,7249412,4,3
02|02|68E3A493E5905FF2,915C90285B36,Angelica G. Carlos,1,88927,2,1
02|04|CF75BB53F0E0F98B,1BD463058A08,Sofia Q. Alia,0.85,44084,2,2
01|04|5D91D4047EAFB35B,4DA86996CDD6,Sofia N. Ada,0.00085,24922,1,3
04|01|A58ACE08CDA9BD4,9BD88314336F,Herman D. Caleb,1176,41781101,3,3
04|04|76C861209A722D63,82138379A94,LeChuck T. Alia,1,20096,3,3
05|01|A3C68DE7F021074B,720B62047107,Chloe U. Bailey,6.7,1497677,4,2
03|03|91798EEEB76E2FF1,AED29941724E,James N. Carson,1,69355,3,3
04|05|22F35220D4586EC,71B583568064,Chloe S. Brooklyn,175,2389559,3,3
03|03|AF1D6F680252BB99,45B33448EA88,Jacob W. Andrew,1,27530,3,1
03|03|C25D2CE041C62A63,25C25662AA9B,Riley I. Chase,1,42082,3,3
01|02|2EB13FC50D916608,7CF042503D7C,Lucas E. Anna,0.001,30087,1,3
04|04|9BDD4B7BB003D898,65A85732461D,Benjamin S. Dominic,1,66960,3,3
04|04|2D50F9B9D872FBC6,E1BA7992683B,Bootstrap S. Carlos,1,17935,3,1
05|05|3B41ACF9E0DCB83D,2CFF65564189,Owen U. Cameron,1,4649086,4,3
02|02|B3A05098A83A5A3A,48FA7009CD64,Jacob S. Adam,1,19007,2,3
03|03|7C3E44087CA56BCD,3B074002C6AF,Wally F. Daniel,1,38826,3,3
01|01|8312304394FF6039,F8CA2521653E,Charlotte J. Brooke,1,19899819,5,1
03|05|80693FA658791837,978624066C62,Carla J. Audrey,158,10056609,3,2
02|02|C181FD35D5581E1,5DFD81579C72,Gabriel T. Amanda,1,60908,2,1
03|03|CA5890E2A3A17265,4DF04832DB62,Mila I. Aaron,1,83784,3,2
02|02|56695FD90CBB3F64,54D15704389E,Theodore N. Lady,1,35650,2,3
02|03|2009B1E2C4CFC913,71FB2298413D,Liam H. Connor,0.95,55502,2,1
03|03|1E2EA81B21595E72,D34959173DD3,Victoria M. Alexandra,1,15684,3,2
03|02|E599E668DE45BA94,BC38919427A7,Elaine Q. Aubrey,1.05,38998,3,1
03|03|C68578285BD15BA9,EDC6177E518,Riley C. Aidan,1,68987,3,3
05|05|785845DA07C7A129,48F83820B739,Scarlett S. Bailey,1,1818996,4,3
01|01|25DFF606690B2429,5AAD620560C1,Scarlett H. Austin,1,49257801,1,2
04|05|1E31A9505ABF5002,98165082C521,Voodoo I. Feed,175,7158974,3,3
01|01|4CCFE9DD3CFA46F5,FF6A7548C9DC,Voodoo K. Amber,1,34014796,5,2
05|04|C9619C1BFF1B31C6,94B09669E959,Elizabeth H. Angel,0.0057,57327,4,3
05|05|5E02200EA632CF22,309B66948F56,Guybrush M. Dominic,1,12767006,4,1
02|05|D55A7C4F1D364BD3,FE5E9048A555,Stan J. Marley,150,11043978,2,1
02|02|F331145D0B240895,D8C2194549A7,Scarlett N. Dominic,1,4622,2,1
03|02|1324C8E2297E8805,64203809E41C,Bootstrap B. Bella,1.05,7937,3,3
03|03|588B8842AB6B1381,2A7C727311F8,Victoria M. Brooklyn,1,19978,3,2
01|01|1E9E94503FCAD8F7,1C7D690635DC,Emily T. Adrian,1,89184451,1,2
02|05|9DEEA042E1145B7D,801F3083D173,Harper I. Ariana,150,12215000,2,2
04|04|72727AD19AFD7A44,ADF594645E50,Elizabeth Z. Daniel,1,76404,3,2
01|01|88F4594330A55641,9CA4384974C6,Penelope P. Amber,1,44105942,5,3
04|04|7954DFF5D612FBFA,CFE312906158,Jackson L. Alex,1,36990,3,1
01|01|1FEF463D49BF926A,927D77226B2D,Jack E. Ariana,1,75482741,5,1
04|04|E921FF85C3E5BD93,8C6729FA0E,Carla C. Cooper,1,64192,3,3
02|05|40AC9EF7031BFE1C,BD0F6481E617,Tia J. Alia,150,9036070,2,1
05|05|DA109CC80A1DC2C,BA2397702E7E,Daniel T. Bailey,1,12387586,4,1
03|03|9CD65773DC479791,C7817263CE9E,Daniel W. Feed,1,58187,3,1
01|01|21BD77F5B1F7E0BE,3280317816D5,Owen G. Alex,1,56499397,5,2
01|05|40D4919F2F8EFC82,86701398785E,Owen S. Brianna,0.15,2301372,5,3
03|02|486EB21B1D7382A,AE3B9688490A,Pintel P. Dominic,1.05,30811,3,2
02|02|8B61648CBB8427D2,FF9860274E9D,Carina B. Lady,1,21558,2,3
04|04|42B0A61B11F22663,C2A82407EC54,LeChuck T. Brooklyn,1,76440,3,2
05|05|D47E451E2E36E6F3,91A9763890D2,Bootstrap C. Austin,1,2507484,4,2
01|05|4F1D7007E405BECD,A2644239D738,Layla C. Alana,0.15,8903653,1,3
04|04|E7FB3CF5F474C6D6,64F9173113FD,Stan M. Amber,1,4685,3,2
01|01|9F897CA8B980AF35,71F15427C425,Aria H. Ada,1,61923051,1,3
01|01|FCDAA97A4A4B27FF,F02646768B47,Charlotte S. Alexis,1,12357651,1,3
05|05|8B178DA26D1272C6,682F967926A6,Carla B. Alia,1,6140460,4,1
01|01|717EB256C0BDAAC7,17C342345178,Benjamin F. Angel,1,36952041,5,2
01|01|6AD9CDD9DB691886,17AA8097E8B5,Jack T. Alexander,1,55860690,1,2
02|02|A28B32DABF1DEE3F,D51078632237,Hector T. Charles,1,32405,2,1
03|05|1E0EED5790438EF5,3E981212CBA,Norrington X. Connor,158,13130024,3,1
02|05|1A1ABA4177356B2B,52EE9002D617,Sophia J. The Skull,150,6859279,2,3
05|03|45A092856FE13684,637780831BD6,Henry F. Carlos,0.0063,52139,4,2
05|05|17FC6A1B4F8DEDA0,EA9C51246C95,Barbossa F. Anthony,1,10550245,4,3
02|02|927370FFDDB8E146,13646388E838,Oliver S. Andrea,1,10075,2,2
04|02|2FA65CF57576D634,AB9D4493B6AE,Samuel F. Benjamin,1.18,49926,3,3
05|05|82FBDA609AF5C74,6C585283ACC4,Mia D. Alex,1,5591018,4,3
04|02|92CD2DFD632C5CCB,66C37982252,Mateo D. Casanova,1.18,86080,3,3
03|03|2F560073138D27A5,B78F29157537,Daniel P. Alex,1,37589,3,1
04|01|1F834BCECFCA28D1,4559124089A2,Meathook E. The Skull,1176,11086235,3,2
01|01|ED5B1B18D891F31F,A9827276660B,Sao R. Amber,1,18686084,1,1
05|05|B50EF22017092653,BE6651964B50,Blackbeard D. Carlos,1,12648620,4,1
01|01|D9E322F5FFEEA406,7EFC2910300F,Ella W. Cooper,1,79943690,1,2
03|03|DE4E231E30E77373,EB564230F8AF,Amelia R. Diana,1,40414,3,1
05|05|5A1258E5709D4EC7,2F0E6139A251,Carla M. Ava,1,7415355,4,2
03|03|882FE651360BE0EE,CABD31347A81,Murtogg D. Charles,1,18402,3,2
01|01|41F4F0B6F46A012A,538112513FCC,Lucas P. Audrey,1,68555019,5,3
05|05|C7DED9B6AF9EC561,C8569502A82,Jack K. Christopher,1,6805574,4,1
01|01|8ED2E114967AAFCA,15158054DE91,James Y. Christopher,1,35201534,1,2
03|03|86BC211EA2FA5515,7E263966E8A2,Mia J. Carson,1,3354,3,1
05|02|639C8A48BCE3DF0D,134B28714E2E,Angelica P. Carter,0.0067,74240,4,3
01|01|9794B1248C886AC3,783271377CF4,Victoria H. Benjamin,1,34720723,5,2
02|02|DAB9FFF8128B7497,F37B4652CF23,Harper V. Anthony,1,12059,2,2
01|01|383AE67CDFBBA507,EE9C62242BED,Guybrush K. Alexander,1,69675509,1,2
02|05|AB2B3F58937957F2,80D33011A5F1,Emily J. Carter,150,8939749,2,1
05|03|A95D12E8DB12E17F,B3662784E575,Will Q. Bailey,0.0063,60314,4,3
02|02|2157517FAD73F0D,A863307644FA,James A. Christian,1,2498,2,1
01|04|2CD131560B6FB168,A51E96867BC4,Sophia P. Austin,0.00085,72147,5,2
02|02|2F814AA94EC43F71,377E7777E8B1,Oliver G. Anna,1,11193,2,1
04|04|194BD9039B82973E,6F4233345AA4,Levi Q. Ava,1,73740,3,3
02|01|BBADB958BED6908C,9F421418C659,Chloe T. Andrea,1000,13983599,2,3
03|03|6B7D63D0B71A8B25,99DE71567724,Sao Z. Alexis,1,17608,3,3
04|04|AC653CFB10B206F,281B89955061,Gibbs S. Aubrey,1,32998,3,2
02|03|61C713426AF4E85C,1732813918D5,Elizabeth N. Casanova,0.95,55464,2,2
03|01|76EE9F8BB9531499,A3B7910D370,Barbossa W. Feed,1050,13326234,3,3
04|01|135DE6030CCA8A71,5A366877AB29,James G. Alice,1176,67730559,3,1
04|01|542C02B1AA4EE620,58A6903957FE,Emma C. Brooklyn,1176,14541731,3,1
05|04|DCFD9016BAA8596E,1FB8864394D1,Grace G. Andrea,0.0057,55367,4,3
05|05|8B1E275A383E14D5,26E48043A5A,Amelia S. Benjamin,1,10750164,4,1
01|01|816D151C57CC6F61,6B1071766FC2,Jack W. Cooper,1,70683361,5,1
01|01|9FF69AF36631251A,24751700CEEF,Giselle L. Aaron,1,29290689,5,1
03|01|C70AE2B4AF4CC80E,D376911766BC,William P. Aidan,1050,28862809,3,3
04|03|758916B330CB3D1F,F7FF43214358,Olivia B. Marley,1.11,42987,3,3
03|03|896F97E8247BF607,353B56852058,Elaine U. Brianna,1,71635,3,2
05|05|F3AB3ED08A82DAC1,C5275995F96C,Abigail D. Ariana,1,10609294,4,3
01|03|3458B64FCC7B7CF4,E11C80915DB7,Grace Q. Diana,0.00095,35039,1,3
05|05|B8F055FCEDD219AB,693B5701ADD0,Owen S. Carson,1,8197716,4,3
01|03|AF0E44033E97E6,8708118546E,Jack V. Anthony,0.00095,23572,1,3
01|01|BA04208756774030,394E1843D060,Mila T. Brooklyn,1,30489414,1,2
02|02|28B604010F56CFA0,45C45777BECF,Daniel N. Casanova,1,86168,2,3
04|03|2A6391D5DACF56F1,800185154577,Charlotte T. Amber,1.11,31678,3,2
05|05|F12BBDC150E6F477,AFA9935DB47,LeChuck V. Threepwood,1,12104895,4,1
04|04|A683922248AB0AEC,CC06247982E1,Layla E. Caroline,1,15957,3,1
04|02|49BD5DA63E7E99B2,8DA27290A2DE,Wally M. Alex,1.18,35015,3,1
02|05|449CAC492B40F002,EDDE67228933,Layla M. Carlos,150,1794290,2,3
05|04|C53E18524CDCEBCE,EFB0611612ED,William P. Chloe,0.0057,25461,4,1
05|03|1DBA46BE138E59F7,FBB72143D3B1,Ragetti O. Anna,0.0063,35998,4,3
05|05|4093CCBFAFF99E74,44BF3555C7F6,Logan H. Benjamin,1,1938015,4,3
02|02|95B339DA1050C3CF,2A0C6580D2CE,Mila M. Ada,1,45534,2,1
01|02|1B74BBB63B142238,CF3088522DC6,Oliver P. Colin,0.001,89744,5,1
02|04|C1D4DA9367C4529D,6E654660B9E2,Daniel M. Charlotte,0.85,23391,2,2
05|04|2840DA7EE8A5323,3582934347E1,LeChuck Y. Addison,0.0057,27959,4,3
05|02|170092DFA51CC224,9CCB52657AD7,Grace R. Marley,0.0067,83044,4,2
02|01|58060350B239144E,65166615BE5B,Harper A. Anthony,1000,75344191,2,3
01|05|F7119F154187B9BB,F1B811414AD1,Herman P. Toothrot,0.15,1498997,1,1
05|05|D501DCF156E15B58,91EE723218A,Pintel F. Christina,1,10994862,4,1
04|04|35AE7DE9EB386F99,1890153473F0,Henry T. Connor,1,40666,3,2
04|04|B452338CAC49D5B4,9D346367C9B8,Elijah E. Caleb,1,34725,3,2
05|05|5BD560A778B6C9CF,755570316276,Elizabeth B. Daniel,1,7646817,4,2
02|04|DE2C56453D003903,DDE55067C071,Noah O. Carter,0.85,51900,2,1
01|01|22EF3E57CDB16A14,D227919515DD,Emily V. David,1,79978061,5,3
02|05|20B3A64B04910F86,A87085325D5F,Mila P. Alexis,150,8926732,2,1
03|04|3BDFBE6FD5BEFE4B,412D4473919,Murtogg K. Amanda,0.9,69913,3,2
01|01|3CB6D185F2564B1B,9F205775C1DE,Emma S. Chase,1,83513867,1,1
02|04|14378ADD2A9B4699,4BE3966937C,Stan U. Ashley,0.85,30767,2,3
02|02|293359AC2CBF606F,339F8313B557,Shansa Z. Aidan,1,52023,2,3
03|05|4CC3BF8982B7B80,F0628770ADBF,Camila K. Ada,158,10177621,3,1
02|01|49611543FD347177,8F0B707944E3,Davy L. Ada,1000,53234380,2,3
03|03|ADFC20F84D82B1CE,BFE64871846D,Meathook V. Alice,1,64386,3,3
04|05|E69139C23A46FCBF,51E217426E81,Levi K. Alexander,175,13045551,3,1
03|01|30D97E779DBDBFA8,D2D89225423,Benjamin O. Alia,1050,33040713,3,3
03|01|88041E534FECEB43,295467583AA7,Will K. Andrew,1050,70070436,3,1
04|04|AA210E701F193999,909C2341BF97,Sophia D. Diana,1,5655,3,1
01|01|879FE90A7FA69BA1,8D4A69316221,Carina W. Benjamin,1,11577314,5,2
02|04|7497AA43E4DBBE7B,8CA27906DC5A,Shansa R. Charlotte,0.85,8528,2,2
02|02|968B5865F8650A76,FDBB50465AA4,Avery I. Audrey,1,74042,2,1
02|01|3C685158401196D4,7B4B67152B36,Norrington M. Charles,1000,81733165,2,1
02|04|7B920197FFA8FEE9,58CA56518310,Bootstrap O. Anna,0.85,71125,2,3
05|05|A9A42F1770C4BBE9,291A4648D330,Amelia R. David,1,10374090,4,3
02|02|A05EB5A98A61352F,5E072848AE64,Evelyn C. Alex,1,73759,2,1
01|03|A38FF53698B42BA8,54E0603611BB,Aria X. Draco,0.00095,57052,1,1
04|03|75D3B986C342F3D9,203231485F4,Avery U. Alexis,1.11,36352,3,1
05|05|3DEDBA170A381225,5DEA2264EC66,Harper E. Alana,1,8939427,4,2
01|01|A96ABCA354370B5C,FA016868DE58,Camila W. Allison,1,81443434,1,3
02|02|7983413FE5C2CF7D,697535924ED,Gabriel D. Draco,1,76852,2,3
04|04|F3F8503599154A9B,97D272889F34,Barbossa A. Amber,1,59387,3,3
02|04|F4A3C854E29C9B08,D031114E9A8,Bootstrap M. Allison,0.85,59734,2,2
05|05|BD5F59B0BBE9C85A,8B14980613F4,Chloe I. Dominic,1,10264261,4,3
04|04|9F0C5127B28DBE10,196C2062EEC3,Giselle M. The Skull,1,64310,3,1
01|04|CBCA0185B927E998,2C55708656C4,Levi G. Threepwood,0.00085,25304,1,2
01|01|484E43CC9FCEE6FC,7DC58393B203,Sao J. Alexa,1,16014872,1,3
05|04|F4A66D7F0630E64D,13065408DF2D,Otis U. Audrey,0.0057,2030,4,1
02|02|19EDCB1775D3C662,58457694C351,Oliver R. Adam,1,86723,2,2
04|04|4698605354D1D88,398173819537,Murtogg Y. Alexis,1,50363,3,3
04|03|92FE25D85F42874B,B6C33761CB5D,Hector G. Aidan,1.11,69248,3,2
03|03|6982548CB48C09DF,313155165747,Layla S. Brianna,1,72013,3,1
01|01|30B8F393F64BDE32,35DA2664806D,Shansa L. Draco,1,74148027,1,3
04|04|16ACC7FDA6D7E34C,27F41675FBA8,Voodoo C. Dominic,1,49180,3,1
03|05|4146900A2DFAFB93,392B3364E87B,Wally L. Claire,158,6973468,3,3
02|02|D160682EF7020E58,904F6959148C,Harper L. Adrian,1,77408,2,3
01|01|D5E0E12CD1477CAB,818C34145CA7,Guybrush N. Feed,1,78303730,1,2
04|03|55912364CC09D93E,328419381553,James X. Aaron,1.11,22763,3,2
01|05|CBDA4719D4E00874,D24D42122481,Luke G. Aaron,0.15,2735661,5,3
05|03|16FFEB233BF19EBD,5DAC7919A6B1,Blackbeard P. Draco,0.0063,82365,4,2
01|04|A5784635AFAA78FD,212512689DC,Giselle M. Carson,0.00085,10633,1,3
02|02|F89A015D5F384636,61726302A4DD,James X. Colin,1,33475,2,2
01|01|17B38AC747AE7435,F9DB9485EC0D,Olivia C. Draco,1,4514592,5,1
01|01|955C0A21419C22AF,8DA2195989CC,Carina X. Caleb,1,45851648,5,1
04|02|DC42062C95CE96B0,76FA5651CED1,Carla O. Aaron,1.18,61443,3,2
02|01|ACE3BE506795ECA0,4FF029993275,Murray D. Lady,1000,16163915,2,3
05|05|B0F46ECBA5174B24,EA0376284AE9,Wally F. Colin,1,578881,4,1
01|04|77BF59274F46437A,E21D361876C,Carla U. Feed,0.00085,70328,1,1
01|02|93F0924DDB1A59D7,E876915858C5,Harper D. Chase,0.001,31962,1,3
01|01|633FDF7D1CEBA271,70B65655B645,Jacob W. Bailey,1,65656845,5,2
02|01|D4FA099179AC4363,418A3948F766,Noah L. Andrea,1000,70139191,2,2
05|05|410BD0B0757CFC7F,3BAB151135A3,Abigail R. Carter,1,12788823,4,2
03|01|991E30C6AD79AF1B,AECC6237105A,Hector G. Claire,1050,37114326,3,2
04|04|BA02CEEB53408951,2C78882925C6,Harper K. Aidan,1,17517,3,3
01|03|9BEDEC0090D27FB2,17E82679DFCE,Theodore N. Amanda,0.00095,40561,1,3
03|03|C09281045118F09C,1E5E64685BAE,Carina H. Bella,1,80395,3,2
03|05|3EFD78D1D82D6838,45AD95207008,Jacob W. Benjamin,158,6546159,3,2
03|03|44BE73F17B1CBC55,BED99553D26E,Sebastian K. Cameron,1,1602,3,2
01|01|7DC70151D27FE903,F689708379BA,Murray T. Charles,1,87981816,1,2
03|03|E07A948F038E8A12,6A8E74991F3A,Gabriel O. Audrey,1,83335,3,2
04|03|F31255AD5922FB5C,9B813053EE31,Murray H. Bailey,1.11,15988,3,2
02|05|E0C638E78F958886,1AE044061CEA,Aria I. Benjamin,150,9453783,2,1
04|04|74062D9F69BD45BB,EA7855682CE6,Gabriel Y. Brooke,1,71228,3,2
04|04|BA15D1B0ECB603F3,F2AD83613818,Charlotte H. Marley,1,29927,3,1
04|04|77F3A94178E142CA,4A217513E377,Isabella E. Carter,1,64563,3,3
05|01|BE662ED8DCF00CB,618D53607B27,Lucas A. Alex,6.7,38846633,4,2
05|03|3A7DD29CEA05C808,1F1651774725,Gabriel G. Addison,0.0063,73331,4,2
03|05|DF849B59155A0FFE,3D1D33537240,Alexander T. Chloe,158,82887,3,1
05|05|4190D89FD83254E,6868944797B1,Guybrush Q. Charles,1,5784436,4,2
01|01|2020AFB8496EB9DA,33A122077349,Michael O. Amanda,1,3590820,1,2
02|02|EF9372C143F663B6,962C5069374D,Logan Z. Christina,1,40045,2,3
01|01|6FCB1AEA78109166,302F2265155A,Voodoo D. Anthony,1,7642096,1,1
02|04|7F3C64D3721F31,905D5764F508,Lucas H. Brooklyn,0.85,53278,2,3
04|04|F2E7E02A9001C612,1BAA204859CD,Penelope U. David,1,73206,3,1
04|04|B91703EA1CB692D6,D8A622074684,Alexander T. Alex,1,47366,3,3
04|05|210D481096A77920,B03D7130C52E,Owen A. Ashley,175,3491353,3,1
02|02|F2935F35C502A7C0,595A282538E2,Meathook M. Claire,1,10570,2,2
02|02|833AEA544774B4F7,DB377023A7FF,Julian N. Ava,1,13972,2,1
02|03|A5F6669B539F3F2D,E05660745CE1,Camila D. Charles,0.95,77773,2,2
04|04|B6C58420B6A1B737,182759DFA,LeChuck X. Alexander,1,8877,3,1
03|03|C2A5DDD6D86AA0D2,7C199848CB6F,Shansa N. Carson,1,50889,3,3
02|02|2F1545B8FC4D7E46,AD8F75149722,Sofia T. Claire,1,51086,2,2
03|04|9A8AE5F01420E72D,3E1766A3FA,Mateo Y. Colin,0.9,44478,3,3
02|02|C6B573FDEDC9F0F2,4820194092F5,Emma B. Marley,1,10752,2,2
03|03|D27F32FF318847E4,7C7E8417A65F,Lucas L. Aubrey,1,21338,3,2
02|04|38B856731DBC18FF,21A90729280,Michael G. Allison,0.85,59750,2,2
03|02|CD6A96DB240554C2,5FF64703CA4F,Hector X. Aidan,1.05,84067,3,2
01|01|FE7D05236BF8E034,8360879911D1,Riley T. Hook,1,11838715,1,3
03|03|3F759F8D6C18AE04,351039643953,Henry H. Alia,1,6133,3,3
03|04|AE60D05B6A1195F1,DA889356A2ED,Samuel F. Charles,0.9,60598,3,1
02|02|81B353DC57643636,B8C37942A3D9,Liam K. Allison,1,63422,2,3
05|03|29FC5B902D832198,DC7C92427A9,Amelia B. Carson,0.0063,40444,4,3
03|03|24BDCB167F99CE59,7BCA1789D672,James Z. Addison,1,44672,3,3
03|03|35F226852A3A9FBB,105B669382BF,Sofia Y. Annabelle,1,24427,3,3
03|03|9628BBF0C014182D,7D3E84941063,Herman M. Threepwood,1,65367,3,3
04|05|355284FE558D3AB,7AF76186C45C,Bootstrap F. Cameron,175,7894369,3,2
03|03|CBFE468AA412DADC,D332262857D4,Liam I. Allison,1,23603,3,3
02|02|676829447D051CF,310C5439C127,Victoria D. Carson,1,30655,2,2
04|03|43532620E185DC50,E74B27078FB2,Norrington Z. Avery,1.11,13744,3,3
03|03|F5FDB9105FBF7B4B,A73180249B15,Wally U. The Skull,1,71048,3,2
02|03|92549E5C854689E,5B0A35554F83,Henry L. The Skull,0.95,32402,2,3
02|02|3F0528CC72E49B5A,8AA835872CF1,Giselle T. Connor,1,35928,2,3
05|05|1354FF5BB32442C6,A3B73635B4EB,Murtogg Z. Caleb,1,1179026,4,2
05|05|B102C34D09B57C2,3FDD59524DA1,Mila W. Carter,1,5555284,4,3
01|05|B0310DA04602AE2F,CBDF3838FE9E,Penelope X. Annabelle,0.15,13008151,5,1
05|05|D40F2A6D4C131A03,13CF78793E4F,Tia T. Chase,1,1173870,4,3
03|03|ED57E9554D07C381,7B5F5181C258,Aria B. Adrian,1,57484,3,3
02|02|255502973D5C645E,D3D248691411,Elizabeth Z. Caroline,1,88216,2,1
05|02|50B7417DB8512EE2,FFB5654A2A6,Victoria H. Diana,0.0067,7499,4,2
04|04|C79E4E0DE98C1347,A91E20566FBD,Liam C. Feed,1,6556,3,3
02|03|A92D8928E9EAFA5F,A3AF70561C2D,Will R. Adam,0.95,71380,2,3
02|02|5AE213F9CDA0703F,1F128467A1AC,Bootstrap M. Connor,1,48529,2,2
04|05|76B9AACB1188AD15,D34270115203,Sebastian X. Audrey,175,1723953,3,3
03|03|746289C211105553,C80194894F42,Alexander K. Toothrot,1,52804,3,1
02|02|F167519F9B92A9A0,CE323061A8F,Theodore C. Chloe,1,88853,2,3
01|01|17C512CA18ACDE35,CFF42224F2BD,Voodoo O. Alia,1,54137099,5,1
04|04|F931A31857383288,D4F2289299D9,Julian N. Bailey,1,6206,3,3
02|05|1C497A20478A3336,8BCD93225EF3,Michael Z. Anthony,150,8095891,2,1
03|03|6EC15CA84E1E7A13,611A38987EAE,Giselle Z. Brooke,1,26308,3,3
05|05|55BF16A568AFE599,1DE40548E9D,Guybrush I. The Skull,1,4819116,4,1
01|01|27CE77F1C1307276,A9BC9420F113,Angelica O. Christian,1,72744742,1,2
02|05|E91AD5A2D2D200FB,F0628405B3,Amelia B. Cole,150,194657,2,2
01|01|7ED84B4BB5CE09E,F1F05056BDE5,Voodoo O. Feed,1,7033770,1,2
01|05|2FC316767029BEF3,9DF5278633EA,Evelyn S. Audrey,0.15,807356,1,2
05|05|230A659805D48749,3BCC660613DD,James Q. Andrew,1,8754358,4,2
03|03|1D08954143C897BF,FF902786E118,Murtogg E. Alexandra,1,3125,3,1
03|03|2A3FF1585656FC93,EDAA1698646A,Michael Z. Adam,1,71945,3,2
04|04|DBBBE62D62EE30A8,C968341E64,Jack M. Adrian,1,20380,3,1
04|04|ADCDE370A5046FE8,CDF677438AD9,Murray W. Caleb,1,32474,3,1
02|01|4EEF86CD1E5F0F6F,B15E901363AC,Gabriel Q. Bella,1000,74014227,2,1
05|05|A503A8C10735DE4A,152652588CBE,Wally Y. Avery,1,6787736,4,2
03|03|6C796568C1440F6E,95561295C2FA,Chloe V. Hook,1,24628,3,2
01|02|7CB10E92825BBCA4,A5263638ADF1,Abigail T. Aidan,0.001,62029,5,3
02|02|5CD98D7A27948328,4D5C2805D74A,Layla X. Aidan,1,19907,2,1
02|01|73C1E662CA948805,E8EB89688D3D,Henry Q. Ada,1000,87624488,2,3
03|03|2160330C5B50F025,7F6147144CAF,Bootstrap U. Alice,1,28478,3,3
02|02|815D8A4A60F0A136,8E6E8184D890,Isabella S. Alia,1,35011,2,1
02|03|FBFE5985609E8051,9C4C7194C1D,Grace T. Alia,0.95,69238,2,1
05|05|3CD3D05BF95AB49F,A1529652B566,Avery I. Charles,1,10659525,4,1
02|02|EAA96F51599B248F,6F341157D9FC,Hector O. Connor,1,72514,2,3
01|03|696D0044C8FA5BB6,46C534843036,Jackson U. Casanova,0.00095,36281,1,3
05|02|53FA484129430668,946E8486838D,Elijah Q. Amanda,0.0067,47372,4,2
05|04|A764A7F4CE078DBD,B8768950AEAC,Oliver G. Christian,0.0057,2244,4,1
05|02|1C1A68EB9293D698,816687768D13,Penelope K. Brooke,0.0067,3916,4,1
02|02|5FBA6B817138E3C8,F0BF6584782A,Jack L. Lady,1,34785,2,1
03|05|91903E5F33A0277,C6E03036C27D,Liam A. Austin,158,10001555,3,2
01|01|3370DE3707DB9286,5FF458772A5C,Ragetti T. Cameron,1,4205486,1,1
04|04|DB6245F037BA786A,10F981166EC4,Tia P. Alana,1,36555,3,3
04|04|E65D106AD6F0255C,2A4C5828C288,Shansa Z. Caleb,1,14253,3,2
03|03|9EFAE84F15FF5867,4E816191EA5C,Henry R. Brianna,1,22496,3,3
02|02|1912DFD16E6F9CF7,8469795641CE,Guybrush O. Charlotte,1,1871,2,1
04|04|540630BB980FC081,A6FB1686E90D,Penelope X. Angel,1,3858,3,3
05|05|D5B656BE7B514A85,7022861870EB,Elaine A. Chase,1,10472760,4,3
02|01|6AFBEA5AA6106FA7,821D2241560C,Stan V. Allison,1000,38420705,2,1
02|05|BA0D9E7945259175,AA4F501457,Elaine I. Dylan,150,8817177,2,2
01|01|F79CC9999ECA03A2,BEF92976AE31,Jack C. Connor,1,36696511,1,2
02|05|CC8069860FB2AE0F,72F637243D6,Carla D. Caroline,150,7694138,2,1
01|01|5260AAF7E5EEBB63,9A196137DDC2,Sebastian G. Chloe,1,13168561,1,1
05|02|43A43C5F9C8BF510,B862013D98B,Tia F. Cole,0.0067,77070,4,3
01|01|2BDDA4AB16BFA1D5,9AB82323FCA6,Harper F. Cody,1,24435409,5,3
04|04|9507CC730F899C71,A7F421423FCE,Chloe C. Ada,1,15770,3,3
03|02|384B8CC462EE826C,7A0940559AC6,Hector S. Aidan,1.05,20922,3,1
03|02|3974DF29FE2913B7,B57A327950D7,Henry F. Ashley,1.05,15548,3,2
04|04|7B5BB210BBD6C3CC,2D5C67642BD7,Logan Q. Dylan,1,59443,3,1
01|01|37FDF19FFA7CA9D5,EB551567DB20,Charlotte M. Amanda,1,41958002,1,1
02|02|A01951A45BDF3A74,8B5E925822C5,Layla U. David,1,65142,2,1
05|03|4061CCD1A17F0B3C,19807360E44,Alexander B. Carson,0.0063,79951,4,2
01|02|C51D2D0B4CC1FBB4,DC84923460F2,Sao Z. Allison,0.001,1841,5,1
04|04|5A5D8215999DB86C,58435050BEAD,Bootstrap Y. Cody,1,33820,3,3
05|05|529689A80BDB44E1,601A3578E35D,Jack E. Ariana,1,4928020,4,2
04|05|CE81A46B74C9B30C,E40D398919D9,Camila C. Dominic,175,4476062,3,2
04|04|B3B598FB4877D03D,A4966991E276,Emily D. Allison,1,61878,3,3
04|03|3F10FCEED3E71BA6,E6CA29681EB4,Layla E. Casanova,1.11,53782,3,2
03|05|55FEAC2F6C97F68C,DFFF9464B15B,Charlotte X. Cooper,158,13041745,3,3
04|02|AF76FCC15AF11437,CAF180398338,Logan W. Addison,1.18,50397,3,2
01|01|8F9B61C1215DCB6,A1C260983D22,Mia G. Brianna,1,52925666,5,1
03|03|5E1268E99881A496,88BD2217BF33,Oliver P. Bailey,1,54288,3,3
04|04|DF41B0FD03AC04AA,95607808BEC0,Mia I. Connor,1,57184,3,2
03|03|F813E6948D5ABF7E,AEEA61115C86,Guybrush B. Alana,1,4659,3,1
04|02|9A9EC454A5665E1D,3036355C98C,Samuel R. Christian,1.18,69475,3,3
04|04|4C230E28820EC710,62779395C18D,Hector I. Christian,1,56730,3,2
01|02|21262095956B1135,3DE615512E41,Alexander A. Alex,0.001,56215,1,1
04|05|ED41F3DF1989CB1F,FA455159DB09,Theodore Q. Claire,175,4916872,3,3
04|04|4A0318A9FA258EC4,A9306729EF14,Pintel N. Ava,1,24368,3,2
01|01|7C5549AD6217A300,ACF130569911,Emily L. Cole,1,45481699,1,1
05|02|194CE62A51FF5C02,2327670315B8,Angelica Q. Alexa,0.0067,4918,4,2
04|02|4C5A5F02C9E7470,E76C6692F2CE,Mila B. Dylan,1.18,15115,3,3
04|04|94BFCA80FB8A5BB2,32F0444899D7,Shansa S. Carter,1,72116,3,3
04|02|7FEB0F28BC5E6EFE,A3DD3857DCA4,Sebastian O. Aaron,1.18,2124,3,2
04|04|467C1543A96950D4,A0FC2917EC6C,Henry R. Cameron,1,7736,3,1
02|05|CE6E258379F1D4BA,1543579388F8,William H. Charles,150,2295632,2,1
01|02|84F870E2ECE5933B,EB659055CB23,Ella X. Casanova,0.001,38959,1,3
02|01|52C8D59C294014F6,FFEE27874345,Giselle P. Aidan,1000,20750340,2,1
05|05|8332DF711C57AAE1,59382891175F,Voodoo T. Feed,1,10953790,4,3
05|05|2BF1C2232FFE7C90,94F1844AD0E,Victoria X. Alexandra,1,10768802,4,2
03|03|FCCFE1A224152E09,9C2D2543597D,Luke T. Connor,1,63074,3,3
02|02|FE987387EDFAEEFF,F4527785D019,Mia A. Avery,1,29539,2,2
01|03|411D1640E9DC359A,890552356B5,Stan D. Alexandra,0.00095,74288,5,3
01|03|DD0F87977F290F4C,91D93262724,Benjamin J. Dominic,0.00095,64112,5,2
04|02|D31F6B48C08E642A,AB9D6970B51F,Chloe T. Cooper,1.18,38205,3,3
02|05|CCAA9D05F74EA2D9,2CF35642E9F,Noah R. Andrea,150,9103440,2,3
04|04|B1E85717142E416,5F688107ECA,Scarlett R. Alana,1,41905,3,1
03|01|3F9F3CA4408CCD4,734F16842FE9,Lucas D. Toothrot,1050,56164677,3,1
01|01|E910B10CB3392B8E,C87819196B7C,Gibbs D. Ada,1,60192293,5,3
03|01|3FE5AC25859C002B,7D9C403073C2,Elijah X. Alexander,1050,17308175,3,1
02|05|680BFE171DB5F5E0,DA329044F1DB,Guybrush G. Anna,150,9277206,2,1
04|01|B9B34DF564635A16,557C55178F3F,Logan C. Threepwood,1176,74111977,3,2
04|01|BD7AF0CAB69C7D01,BCB7528C3A7,Scarlett X. David,1176,48606514,3,3
05|01|61B97CDE8FED6147,672381598E84,Gabriel Q. Benjamin,6.7,50995638,4,1
03|03|4ED9A5AF9AD778C3,26B64359267E,Samuel L. Casanova,1,51928,3,2
01|01|2C7E0C02F77F28DB,4E678856506D,Alexander S. Allison,1,65735048,1,1
04|04|F86A29ECC086967,36F41165193,Theodore P. Amanda,1,56904,3,2
03|05|9110AE08CB8C6A8D,140458962FF5,Charlotte Z. Allison,158,7478781,3,1
03|03|C5291BE42D6B86D8,DF1D71988C36,Elizabeth Y. Andrea,1,68645,3,3
04|01|F1FEBC45F6FFB890,F3586799DC2B,Tia G. Amanda,1176,41733463,3,3
03|03|F1301D52B004532F,498F7171C1E6,Emily H. Charlotte,1,20680,3,3
04|04|59A038D467ED4B54,E46D9457E6E3,Olivia J. Anna,1,11950,3,3
05|05|47F87FA66F602D32,3F0175339F42,Barbossa Y. Ariana,1,2836510,4,1
01|05|294DA9372790C5E0,3B0574413938,Sofia D. Alexa,0.15,7132433,5,2
01|01|2E00B9AC84B68303,3832335454A0,Will X. Lady,1,68352037,5,3
02|02|50DF131C8914203C,B5BF5868D7FF,Abigail H. Christopher,1,73675,2,1
04|04|95871B7A95D67DAE,262D898880C3,Charlotte S. Hook,1,24733,3,2
02|02|E02ABB90978CF094,2CA27316F869,Hector F. Claire,1,38629,2,2
03|01|1375C8A59F6CD03A,BEE137071BFC,Sebastian W. Alexis,1050,66015025,3,2
01|01|5CDF776B53D5F6FE,7B3B2898BCD8,Avery V. Amber,1,27549549,5,3
02|02|B5A6D1CE3E0FF8B0,21B1326443A3,Jack C. Cole,1,53762,2,2
05|05|D68D32682A37DBE9,29318965B171,Sofia M. Bailey,1,11802774,4,1
05|05|6CAD68B21FEBD7B2,8A063703A341,Avery A. Connor,1,9532743,4,2
05|05|A73850A4BA5E41A8,6A9220149AE,Layla Y. Amanda,1,7860477,4,3
02|02|67781DF44C0CD304,9A6D9803AEA,Otis X. Threepwood,1,88410,2,3
01|01|E4DCC12B061C3C80,DED22049787F,Daniel K. Brooke,1,15784238,1,1
04|04|54183BFA86A11D4A,951372748400,Isabella C. Christopher,1,64029,3,1
05|05|CA6A524FBAC8833A,42321487DDFA,Otis W. Caleb,1,3738413,4,1
04|04|ADC88AABC9F3C5E1,F9CC68413CE0,Gibbs E. Christopher,1,50481,3,2
01|03|ED95E140156C23AC,5D123758DB8,Mia D. Alia,0.00095,63177,1,3
01|01|59A434536DED119E,D5F8161467EA,Daniel J. Aaron,1,70468311,1,1
05|05|BD706E57F13F42B8,66DB62984F82,Sao K. Angel,1,269166,4,2
04|04|31E0BA8BEC7B7794,B9937759B1BF,Michael I. Cole,1,51392,3,3
02|03|F9D3908147390093,9022764467EC,Camila X. Austin,0.95,47210,2,1
04|04|B3A820B94AE246B2,27615604C1B2,Sao O. Connor,1,5427,3,1
02|05|A8C3164E5DBDCC84,315073933252,LeChuck B. Addison,150,8483081,2,2
04|02|2F3B9358973A6CCB,7D136460676D,Herman N. Benjamin,1.18,87511,3,2
02|05|3F90665BC0713C68,49C24980ABD1,Jack P. Bailey,150,7803636,2,3
02|02|5F45B81B6FC98DC1,AF2066848F5E,Sophia Z. Christopher,1,70142,2,1
04|04|41E9CA8D73F0B21C,BE9972125C15,Davy Z. Claire,1,60466,3,1
04|04|8BE3D182348C31F4,F1B68343175,Jack S. Allison,1,40283,3,1
04|04|633D781FB1A145BF,FA8974221489,LeChuck J. Claire,1,1658,3,1
05|05|DDF16573DE31AEEE,A3453780F002,Carla X. Connor,1,6189662,4,3
04|04|D0451404794FA7DA,F6D17830195F,Elaine E. Cooper,1,51959,3,2
02|05|60BCE88E3085D98,966186052B49,Jackson P. Alexa,150,132143,2,2
02|02|7D2FA81561D31027,117569011C3,Giselle N. Benjamin,1,41897,2,1
02|05|E3A572E1F643ED0F,FF0240919007,Shansa Y. Daniel,150,8956631,2,3
01|01|E28594B0EB05F4AF,BA955445B80,Jack Y. Aidan,1,20865649,1,3
04|04|C63DB97D9A518D9C,71D48336447D,Will S. The Skull,1,31991,3,3
04|04|FCAB21DF92284593,CC6523622DCE,Lucas B. Charles,1,24924,3,3
04|04|C77940602B021032,AB2261317C60,Michael J. Chase,1,68334,3,3
01|05|6DBA3C7EB3FD2C27,52EB311516F5,Elizabeth Q. Alice,0.15,957232,1,1
02|03|3E52FEFF5C74F50E,59756510B2A4,Avery H. Anthony,0.95,72600,2,3
01|04|9CA737F3F5BD7A75,50AE60972329,Davy J. Caleb,0.00085,70074,5,2
01|04|281DCC5A636218B1,39EA2997F0F5,Gabriel A. Alex,0.00085,44467,1,3
01|01|977078CE9BB28054,A78C1534EB91,Julian P. Anna,1,21965498,1,3
01|04|590D460CEABB7BD,B86C680869C,Luke W. Brianna,0.00085,68452,5,2
03|05|40E00CB08AA3B02D,AAED905933DB,Pintel L. David,158,10009104,3,2
01|04|529746FC51BA0C4E,A59B6578ED85,Shansa Q. David,0.00085,7220,1,1
03|04|C3421A621D2A56CE,83067941D4B5,Luke K. Charlotte,0.9,37505,3,2
03|03|8D48730AC738BCDE,A79F6881210B,Elizabeth N. Alexa,1,41070,3,3
04|04|E2D29C095F15BDCC,D191527583F3,Amelia C. Diana,1,3169,3,1
02|02|C0501976EB26CE83,AB7B8186800B,Murtogg E. Christian,1,51884,2,3
04|04|5942079EAB46E6C3,15AA5036928C,Giselle W. Andrew,1,53777,3,2
03|02|93BEA58F69E78514,28767744F4D,Lucas X. Ava,1.05,50546,3,2
05|05|6FD37C07463E5597,DCEB4471BD3,Davy V. Cameron,1,7375925,4,3
05|02|6A98EB01078529EB,F4FD9881DBF0,Charlotte H. Austin,0.0067,21084,4,2
03|03|73C17AC48BEB13D,16A349905DAB,Guybrush N. Alexandra,1,66865,3,2
03|02|FB9D65808889CA57,C7698101A92F,Sebastian V. Alexander,1.05,64675,3,3
02|02|93B433C95D73EA9A,E31274254584,Mila C. Daniel,1,64143,2,1
03|04|A2430C624E32F14,17C9108D37,Jack J. Alexander,0.9,30746,3,1
01|01|71D22A6037C52A34,6AEF81997BD3,Camila V. Daniel,1,69995262,1,1
04|04|563A42AA9BEA13F8,DC417479BA71,Harper G. Christopher,1,5046,3,3
02|02|A9CDE7C4D59EFC2B,8E6A64236361,Davy C. Carter,1,21203,2,3
04|04|F2AABEFE0EFC1A1D,4A497515F199,Will M. Charlotte,1,37417,3,1
05|01|99E2C449AD848438,680421072F80,Benjamin W. The Skull,6.7,44335082,4,1
01|01|DB67A5975F698A3E,335E8044E5F6,Elaine Q. Anna,1,53829654,5,1
05|05|7350741EDC8D4D74,644E5011AB23,Blackbeard J. Feed,1,6605363,4,1
03|03|8162D133251DB529,F9944546D2D8,Penelope V. Carlos,1,27741,3,2
04|03|BEAE439726F2AECD,8926749F185,Stan O. Allison,1.11,42457,3,3
04|05|3B16D3E88EDB49AC,AA2B726724B5,Noah X. Christopher,175,1101359,3,3
03|04|4A04E7EDA1F01691,4D0655326219,Theodore I. Aaron,0.9,65475,3,2
03|03|9BF94DDE18337979,94872319F6,Gabriel Z. Christopher,1,46189,3,3
03|03|F3C1E4711B79C70,1B8782788E9,Emma T. Hook,1,33699,3,2
04|04|F8B1D8361689819,AC6412499EEC,Henry T. Cooper,1,42171,3,3
05|05|4298FBC40CE0ACEC,8680805632CB,Chloe M. Adrian,1,9965984,4,2
02|04|4F12D2BD1BF12F43,994B4867EB8A,Owen J. Addison,0.85,55088,2,1
02|01|F2FDB5522DB664E6,16392052EC5B,Giselle N. Marley,1000,66897223,2,3
04|04|149F4A37284E1571,A7547694C50,Aria X. Ada,1,2059,3,1
03|02|BF2CE2763293C89B,52FB9733EE1D,Sophia T. Toothrot,1.05,76023,3,3
01|01|7E075C410C857189,504A1916CBBC,Julian Z. Charles,1,15868611,5,2
01|03|206FE2A94434E5DB,571751108C9B,Theodore A. Andrea,0.00095,75608,5,3
01|01|93C58C61A1DB6E46,EBB631922961,Elizabeth H. Carter,1,2748635,1,1
04|04|D139275D816F77DD,B3423207B59,Daniel D. Aubrey,1,72516,3,3
03|02|C858D7A66AAEEFF8,4D546783DB17,Charlotte B. Ada,1.05,81588,3,3
03|02|BD5DAC0438CBAAA5,9132180CF78,Sao L. Casanova,1.05,16072,3,3
01|01|AB425CEB7D94A9F7,CCB578787BBD,Harper R. Carson,1,12144762,1,3
04|01|88F2DE67D1923373,BE260687772,Jack Y. Connor,1176,64364175,3,1
02|02|C09485D3E9B0484,371A44504C8D,Evelyn L. Caroline,1,53858,2,1
05|05|61C8265268C5119B,2D054462A260,Owen U. Addison,1,7357602,4,1
01|01|A1E55A8C4AE2AE46,ED11441FF3C,Meathook M. Alex,1,88596881,5,1
03|03|7F80BEC7DF367ABA,EA3B61609EB0,Elaine X. Amber,1,83080,3,1
02|02|5540EAD4FE683D3D,7DA066109AE5,Logan J. Hook,1,26097,2,1
02|02|4441369008DB0275,F3E687732EC5,Grace X. Audrey,1,65378,2,2
01|01|F29E23E540D3DCE1,39895898D934,Meathook F. Alice,1,45263355,1,1
01|02|92AB72B91DB8B7C1,E9B3482040DC,Scarlett S. Chloe,0.001,48261,5,1
01|01|D18D445389762B0A,C73D6562C861,Harper O. Christopher,1,34593960,1,3
03|05|48D340D6D87AD89,29A371236536,LeChuck D. Allison,158,13041476,3,2
02|02|5EB0B62420491585,EA5D504543E1,Alexander X. Adam,1,16770,2,2
05|05|FA01E8B275B1705A,50141227B02C,Scarlett R. Amber,1,8195619,4,3
02|01|727401D4FB44E51D,FBEB501369CC,Angelica M. Connor,1000,56414239,2,2
03|05|1244FD6C5DD7839E,5EB9205098D2,Logan E. Bella,158,6086488,3,3
04|04|704D902AE6E96AD8,33AA7089F243,Michael R. Austin,1,49453,3,3
05|05|280B320DE644B07B,FC98266743D8,Grace U. Dylan,1,2018848,4,1
01|02|7573496949CA227D,94BB51696E14,Samuel S. Carlos,0.001,53841,5,1
03|02|965AA4485D9D8FD4,2851330A46D,William J. Caroline,1.05,34243,3,3
03|03|D7EF2D754A24B4A0,E385320166F1,Carla R. Andrea,1,52755,3,2
05|01|E3C2D451C932D673,C42D408530AE,Sebastian Y. Cole,6.7,54508866,4,3
03|03|41A0C55F7B46CA0B,CD4C909090A6,Lucas L. Charlotte,1,1909,3,2
04|04|E886F95D1573670,5B212924717E,Oliver T. Colin,1,24654,3,1
01|04|3E77382F198BB2F6,2CB388187312,Mia M. Hook,0.00085,65287,5,2
02|02|220B2640862D8C93,C28523196AE2,Otis G. Aidan,1,7089,2,2
02|02|5A2A4018B274B132,2B882305810D,Henry R. Charlotte,1,14991,2,3
04|04|DC8DF571BD201AA8,B39E1193FE67,Sofia U. Christian,1,23791,3,1
03|03|4C0FD194FFC78B77,EACF7622ED2,Layla L. The Skull,1,30158,3,1
05|02|9400D1DC5B183160,4A7D3110ACD,Samuel T. Charles,0.0067,47398,4,3
04|04|75567141728213D2,C9F3288560D0,Davy G. Carlos,1,53517,3,1
05|05|85BE1B953CCD6E2A,CE0A64272BC4,Noah Y. Alexa,1,11710485,4,3
03|01|7662E0D6817DB243,100D5410B244,Levi A. Cody,1050,25242754,3,1
03|03|A591DB37D4E56F35,2A374730D33B,Barbossa B. Avery,1,46730,3,2
05|05|19415A90FADC9A85,34E32467DDF6,Lucas L. Carson,1,2170205,4,1
03|03|B63DE196A70F74FB,EB5A65647A56,Scarlett E. Christian,1,83507,3,2
02|02|55FC5D0E47974DDD,39032640171E,Mateo Z. Avery,1,9427,2,3
05|05|426E07E536B97F7B,5F913244D08E,Evelyn G. Caleb,1,160209,4,1
03|02|CA71403666367015,C9664709DF15,Sebastian T. Alex,1.05,56353,3,2
04|02|F2A93562D2210911,41173294BBFF,Benjamin C. Draco,1.18,10935,3,3
03|05|462499B593F5FB2B,C82346454148,Murtogg F. Alia,158,3807285,3,1
05|05|130F228052861696,934F522231C,Riley Z. Ariana,1,8960731,4,2
01|02|6936582D5662A7C2,35933968140D,Henry W. Draco,0.001,76605,1,3
03|02|BD2CC56ED0DA1697,502A8362663E,Camila L. Alexander,1.05,35988,3,3
02|03|7E4C03589E26D16,E56841206227,Charlotte U. Alia,0.95,11078,2,2
05|02|965FE62FCDCFE321,48C51141C3F5,Gibbs J. Alia,0.0067,69978,4,3
02|02|3A02E5FA247A0A0F,D26B75395F04,William F. Alice,1,87909,2,1
03|04|6F2C5CA99C65AECF,39F937837169,Riley T. Alice,0.9,24272,3,2
03|02|F9DCD83856CE69D2,48687762BA8C,Emily E. Claire,1.05,61514,3,1
02|02|47AF47726192BBD,5AB126903922,Avery V. Christian,1,48509,2,2
03|03|4EE7477F4CDAA81E,2F4C834830C3,Jack N. Caleb,1,16486,3,1
04|02|B608B497161FBE19,C95D1989C062,Blackbeard Y. Diana,1.18,32934,3,2
04|04|2FD1EC79A768CC9E,B2108730410F,LeChuck N. Andrew,1,38360,3,1
02|02|AA651F47DA1DAB4,16721853DE43,Shansa M. Charlotte,1,1936,2,1
02|02|920A1575E3E21FCB,A7AC7872BBB4,Daniel P. Toothrot,1,62132,2,2
02|02|F09DB24BA3BBB7A5,4DA758874E3E,Benjamin Q. Andrea,1,15896,2,1
01|02|E1761A71363B70CE,9D886609948C,Abigail Q. Audrey,0.001,67646,5,3
01|03|6C113B3210AEC04,3C6798554BF9,Voodoo M. Amber,0.00095,6254,1,2
03|03|7066E62C980C5339,1CB9619279FB,Samuel W. Benjamin,1,7856,3,3
03|04|BA1FDB2A3303BFAC,E3168948F7CE,Norrington Z. Andrew,0.9,33398,3,2
02|02|7772B449349FD235,6A0156159497,Stan D. Angel,1,1878,2,2
05|03|4D61047121CEB0A2,72334277AD2C,Alexander K. Toothrot,0.0063,42397,4,1
03|03|216DF54F87A1F986,F7308474D8E4,Elijah N. Hook,1,12547,3,3
02|02|A4850DE6138C5104,43EA33458366,Riley I. Christopher,1,28817,2,1
02|02|8C603B620C72032A,9B3E9476FEF4,Layla F. Diana,1,53277,2,3
03|02|56BB2F9CA2C8788F,4FE755831353,Hector H. Daniel,1.05,30300,3,1
04|04|2B3789C17DADED8B,B91C81628074,Elijah Y. Benjamin,1,9314,3,1
03|03|B0D991A9ABE35EFA,AE8B9752F896,Mia L. Alexandra,1,81666,3,3
05|05|DA6956D07AD3C8C5,D3739078715E,Voodoo X. Cooper,1,12742666,4,3
01|01|B897361CB09AD743,308229099DD,Bootstrap Y. Austin,1,65307364,1,3
03|03|E3EE38CB2A721DB3,80E662379D33,Tia P. Allison,1,75426,3,2
04|04|C42A07D617B3DFB3,E0144208A657,Elaine Q. Adam,1,66498,3,2
01|02|B9E9B3D6581B749D,96673783070,Tia G. Brooke,0.001,27871,5,1
03|03|751032D3DF4F9559,814F619784A7,Evelyn C. Dylan,1,42433,3,2
02|02|98F1196A4AB33522,1C682844F05A,Oliver B. Dylan,1,55342,2,3
05|02|317B198FC80FB599,A9F29115379E,Angelica P. Claire,0.0067,38108,4,2
01|04|261C705578F55302,D21472561EBE,Jack O. Brooklyn,0.00085,71622,5,3
02|02|79416BC417DA877,742B84194DF,Tia L. Alice,1,749,2,1
03|05|75477CFD0384B15C,3D122257D142,Michael I. Ada,158,3396839,3,1
02|04|AEA3B18B31097AE2,48A86396B958,Luke E. Cody,0.85,2841,2,3
01|03|ABEE53E7E9842755,916181659B94,Henry B. Connor,0.00095,43645,1,3
01|03|8AE12A27B696CF5,D34560185EAA,Owen K. Caleb,0.00095,58922,1,2
05|05|B24F0300391FE0C9,247828701EB0,Victoria W. Annabelle,1,9265455,4,2
03|05|882D1305D146E7D0,2C6C8077F348,Elijah F. Caroline,158,4614883,3,1
02|04|CCF4665F6FE83398,BEF44815BE66,Liam N. Threepwood,0.85,28234,2,2
02|05|4EA4C2B31C4F0E0B,CEA61569E96D,Charlotte Q. Brooklyn,150,2079210,2,1
04|04|54115DC7815B6A89,403635877740,Victoria Q. Toothrot,1,54664,3,2
04|04|ACE02169F4A93D29,8CFD9386DFB3,Michael W. Charlotte,1,70397,3,2
02|02|3B31502D7934623D,7A1999688F3,Noah M. Austin,1,66138,2,1
02|03|DD634BFC04AB3C93,58C225062676,Theodore D. Brooke,0.95,65583,2,2
01|03|F6507F7A6E836133,4C0433316DD8,Grace D. The Skull,0.00095,4648,1,2
01|01|89396A5A75C17CB8,4B4F1486BE5F,Herman N. Alexis,1,49120813,1,1
03|01|3742F00F49208F9,EC309568C4CC,Scarlett X. Christopher,1050,1985782,3,2
04|01|49A7039A20E8BE80,73003809B2DD,Meathook X. Colin,1176,15816782,3,3
02|02|FFF0F1888C54A81D,DDF63559DA74,Olivia J. Ada,1,41652,2,1
04|04|9CC6782DBDC56042,E6E23909130,Wally M. Ada,1,17488,3,2
01|05|FAED8AF25FC34337,4E2F976846A2,Daniel A. Amber,0.15,8819979,5,2
01|01|7A40B1D469B2D29C,574C959122E5,Stan I. Ava,1,1763610,1,1
03|03|26C087DBBB00118E,2140965820AF,Ragetti P. Amanda,1,7861,3,1
01|04|2DE7035EB63556D4,700E711997F,Sofia U. Angel,0.00085,28674,1,3
04|04|FF09B6FC0163AE05,2188267CE49,Will R. Alexandra,1,19465,3,3
01|01|AC3A4FE992EDC73,20F72980EE0E,Levi U. Ariana,1,54899026,5,1
03|03|9C5C2955B612B08,38518012FCEF,Gibbs D. Chase,1,72084,3,3
04|04|70F8208D8DF25F39,66427711A0DD,Lucas Y. Adam,1,13339,3,3
01|05|DBCF225E77D65D9,AC0332789F3A,Isabella S. Anthony,0.15,9386812,5,1
01|03|40694307C6716F1C,93AC463137B0,Mateo G. Anthony,0.00095,65763,1,3
01|01|25403B4A0C22E4C2,132B290928C9,Elizabeth P. Ashley,1,41947488,5,2
04|01|E9B0A65CB4A81EB9,F49A9245F126,Carina W. Bella,1176,1026293,3,2
03|02|CF222DF33E1BEAC3,630183122FDF,Daniel G. Ada,1.05,32940,3,3
05|05|66F530EB995A8CF0,5673968562E,Mila O. Casanova,1,9288281,4,3
05|02|C69134BD2ED059B6,E5B273378D48,Murray Z. Bella,0.0067,40326,4,1
03|01|D02543E428CB394B,3D5A9256C453,Ragetti T. Allison,1050,36786181,3,2
01|01|6480A60FBD1A5BD3,7C8C381068E2,Owen W. Carson,1,80631366,5,1
03|01|264AF67382C096A8,1EB061348586,Owen C. Caroline,1050,11020363,3,2
03|03|C35E955D781D8EBB,769644494F1C,Will U. Avery,1,66009,3,3
04|01|1C0B313B7006587D,D924842388E3,Owen U. Marley,1176,58932313,3,1
01|03|A1C657DBF80EB958,DAD41617B97,Ragetti B. Charles,0.00095,10454,5,1
04|05|9AE825E2F5F18FF2,83DB34324F95,Isabella K. Anna,175,9484069,3,2
04|04|30B55409FB3B6B83,32F52954CF1C,Logan G. Marley,1,58766,3,2
01|03|F74EE3768404E05D,8F5013FAB7,Jack N. Alice,0.00095,58193,1,1
05|05|F50BE2CFBBDBFFAD,27CD81672576,Henry L. Colin,1,6140407,4,2
01|02|566779FD5F9F15CF,66737558C5E2,Owen B. Avery,0.001,43928,5,3
02|05|C5BC383854DD63CC,B2BE62773B9B,Alexander M. Colin,150,13414342,2,2
05|05|3FF369F609041A17,47129626B230,Stan O. David,1,9838447,4,1
02|02|4952F64C024CB8A1,C0B73142CE47,Ragetti K. Ariana,1,16807,2,2
03|03|E8C488DE51CFCD53,35B386692C24,Blackbeard K. Avery,1,77150,3,2
04|04|D01623D81ABBF78,80507317B3D9,Harper L. Audrey,1,52891,3,2
05|04|74BEE6BC2BCF409E,28C69131A148,Liam V. Bailey,0.0057,72589,4,2
03|04|62A82A5AA7229AD3,54384293BE6F,Jack Z. Diana,0.9,5680,3,2
01|01|CF4EFDF7C0F375D0,9EE89412AD6E,Jackson Z. Dominic,1,62103654,1,3
03|03|CF7166C10A3DA946,4F7E3614951D,Otis T. Daniel,1,46370,3,3
02|04|A20F7B662F899B88,6AB865689F1B,Murray Y. Angel,0.85,20805,2,2
04|03|A598D75E57B30065,B7DF48161E45,Michael O. Angel,1.11,41791,3,2
04|04|62314BC61C96D3E9,7B4F554175B3,Oliver Y. Adam,1,14681,3,2
01|01|124E585D4C3C34,659C9116D6C8,Angelica W. Alexis,1,1745007,1,3
02|02|F90288182E1719BD,D49037378864,Lucas G. Connor,1,74045,2,3
01|02|811A250A05541159,C52468963358,Ella W. Alexa,0.001,37031,5,2
04|01|BCF00E408E4FAB7,EE6D20583BB7,Pintel K. Hook,1176,78306244,3,1
03|03|99DB82C5F4BDE319,AE71868799A1,Tia O. Addison,1,6702,3,2
02|01|88AF2C67C3EBDEBE,D8CE1834779C,Bootstrap R. Cody,1000,57318162,2,3
01|05|9D3633FD13F716EA,B6722949BED,Liam I. Threepwood,0.15,12001934,1,3
02|02|3503044EFC0160C5,BB152728B35E,Barbossa B. Alexandra,1,62801,2,3
03|03|CEA8AF26C51D4A95,A5D6487055B6,Henry B. Adam,1,60999,3,3
02|02|C7EEA0B8A3AB4119,A0A41155B9E3,Samuel N. Alia,1,40973,2,2
01|01|7DCF984E5C1C2ACA,26732469A5BD,Luke V. Claire,1,41261310,5,2
01|05|634F64CA83132C0F,55FA3580D8D8,Penelope D. Alexis,0.15,3612262,1,2
02|01|EEEA03343609E425,981236761976,Layla U. Dylan,1000,80568903,2,1
03|05|B6C1B1716783CFCD,822F98743C2E,Henry T. Lady,158,9029215,3,1
01|05|B5A23FFA3D45F2C4,CD7182351243,Julian W. Charles,0.15,1530989,5,3
04|05|8D353A96633CF406,86A95947491E,Carina F. Brianna,175,7361478,3,1
05|02|B28B370D2E582B5E,231220435D6F,Riley F. Aaron,0.0067,56764,4,1
04|04|D6075B0C569666D2,4F0478905D96,Herman K. Christopher,1,27511,3,3
04|03|F3C4D05BD19FECBC,A304671842D0,Hector R. Alexis,1.11,11805,3,1
05|01|A6E857F0D6CC1E66,B2628002471,Penelope P. Alexa,6.7,70362063,4,3
03|02|298EEA16FBF28644,51346109EA6D,Henry R. Andrea,1.05,52801,3,2
03|05|63842EA2D3F27255,318118459E7E,Otis T. Bailey,158,7815793,3,2
02|01|76D6397D36A9ED66,6D76565235FD,Harper P. Alexis,1000,34295104,2,2
05|03|5506BF2692893925,BFE193119A22,Otis W. Adam,0.0063,8548,4,3
05|05|1E00D74540EBF1F5,57C6880CF75,Herman C. Angel,1,8963076,4,2
04|05|7DDF0D7A9A7672D9,F6319633745,Voodoo D. Caleb,175,5850749,3,3
02|03|C109722EEAF1DD17,DA7627825773,Norrington R. Cameron,0.95,22317,2,2
04|04|79828CC30ABCF8F5,A2429845DAF,Mia S. The Skull,1,40984,3,2
02|02|473FCAEEB01F11E2,975640213811,Mateo V. Ariana,1,64060,2,3
03|01|9707C90452AA0129,B96927491DC,Jackson Q. Addison,1050,35018338,3,3
02|02|B30FA5AABF4B273A,D0A9723939F,Abigail H. Brooklyn,1,16287,2,1
03|03|3D38F93BCD581386,CF312449FF3B,James O. Alexa,1,11048,3,1
02|04|CD2A3C5D23083BC,E6352654D6EA,Sao O. Anthony,0.85,57767,2,2
04|04|B19D7AAD6AECAD2,84F25222FD86,Ragetti B. Andrea,1,63974,3,2
02|03|B84B4754400DD0A2,8C693299C39B,Elizabeth Q. Alice,0.95,7194,2,1
01|04|4ACCAB0EB8141497,695F35944DE2,Victoria W. Alia,0.00085,57144,5,1
03|03|A58BAFF2DD6DA8F8,810E8189255D,Sophia I. Carlos,1,25789,3,2
05|05|684BB23C3E2083E7,3C532435A4BB,Chloe Z. Carter,1,6573109,4,3
05|05|23C9FFA183E07B41,BD3E6826AF69,Alexander D. Alice,1,13331622,4,2
03|04|B33EDA5A6903D640,10DF89885734,Daniel W. Andrew,0.9,11724,3,2
02|02|FFBA752A53413814,A9144078853E,Emily E. Austin,1,63518,2,1
01|01|74959238F0799848,144019024E3E,Theodore D. Caroline,1,4264702,1,2
04|02|609482D10F7A760A,3454539895A1,Isabella P. Ada,1.18,39688,3,2
05|03|7E3D2778B31BACBC,44A84319E452,Pintel H. Dominic,0.0063,11241,4,1
02|02|5F350C49C56B67C7,CBC77524CFCE,Harper I. Annabelle,1,71266,2,3
03|03|6AB927DA6CF31200,E3CC58769EA0,Henry S. Alexis,1,76608,3,2
02|02|6245B716AE89C953,BD829004D846,Wally J. Dylan,1,60799,2,1
05|05|FB608A13467C364,4BEB6122F0E5,Olivia S. Christian,1,3400554,4,2
02|04|8A43F34FB6A8A746,B2748310DE3B,Harper P. Alice,0.85,47035,2,2
03|03|C63C8BFEC0A0AA3D,54261298E3A7,Mia B. Alexandra,1,18371,3,1
02|02|E96EDC418B4A121E,E2E41316961D,Charlotte L. Caleb,1,72436,2,3
01|04|C0B2DB6ECD0BC7CA,79931147808,Grace U. Chloe,0.00085,73612,1,3
03|03|62A68E0D5B784327,BCA18441A8EF,William X. Adam,1,77039,3,2
01|01|57F8A58B4D07915C,4DB05497C4D0,Sophia F. Threepwood,1,75676146,5,1
04|04|9355D3335AE7AB8F,F2AE87509A70,Isabella B. Adam,1,49252,3,2
02|02|F7AA063C77FA859D,371F48091386,Sebastian N. Brianna,1,42042,2,2
03|03|9EFD314288548244,2417880689FE,Elaine C. Allison,1,47314,3,2
05|05|102C2D0172EFB893,D50E4071CEA7,Hector O. Carlos,1,10271842,4,1
03|03|494E4723B9A7CDFE,FA227323C8F,Henry K. Caleb,1,32582,3,2
04|04|AB53D43AC277DD9D,579673341482,Davy W. Dylan,1,46529,3,2
02|05|B2F13F57F34FE5EE,6C3E58907F88,Carla R. Brooke,150,13222373,2,1
02|01|3D0D2162381AE2DF,24DC3104FDFB,Herman D. Anthony,1000,30151991,2,3
03|03|ADBB8671195D1776,951311648B3A,Noah Y. Bella,1,12250,3,1
03|03|4C84AC29B2C8BC1F,9CC023372678,Murray P. Alexis,1,48654,3,1
05|01|C3D90D8B7DF6A35F,25209124D9AE,Owen T. Anna,6.7,84192591,4,3
05|02|B6C1E8DD5A3FC16B,A1272167627,Guybrush K. Cody,0.0067,88584,4,3
04|03|D00DDD57EA73DB70,D9DB7711F431,Carla D. Christopher,1.11,38642,3,1
02|01|F066D992B019D719,DD1E97999B42,LeChuck A. Caroline,1000,8802771,2,1
03|03|76D0B4E87148A2B7,BDA65695AE8,Olivia Q. Audrey,1,7370,3,3
03|03|D149377701A8E466,EAB5374B9EC,Harper E. Toothrot,1,64463,3,2
05|05|C72DB415FC435D37,9D0842907F0C,Luke Z. Alia,1,12604375,4,3
04|05|FCAEC29DD857D22,F7AB8139AF55,Davy R. Chase,175,3100048,3,1
01|01|DE04A1BACCECD7FD,6BBA66155B34,Meathook D. Benjamin,1,33814535,5,1
04|05|84BDFAA0380B93D2,EEC8928C8F7,Ella V. Hook,175,12647159,3,2
03|03|FC190FAD9D9FCFD,A9756477B7B2,Elizabeth Q. Brooke,1,82578,3,3
03|03|180C922EF0F749B4,DB54105CE95,Henry B. Avery,1,75945,3,2
05|05|7B218219468A9D40,9FB439885AA7,James B. Chloe,1,2805408,4,3
01|01|44E3BD423932D305,4EDC4609A189,Jacob F. Casanova,1,61303600,1,2
02|02|B389528EEE38EA51,6E6B910548A8,Julian F. Alexis,1,83354,2,2
03|05|CFE8BA8B5EA6A8EC,552D19667646,Riley K. Feed,158,2972752,3,3
01|03|FC5A4CA9ECC5A24,B49F3780A5DA,Sophia L. Caroline,0.00095,39876,1,1
05|05|569BD10125BB832,3B6573499BCB,Scarlett J. Threepwood,1,652490,4,3
04|04|512E9E7AE7C3E5C7,C5476567CD07,Logan W. Alexis,1,8978,3,3
03|05|338AC0E2FAA8CCD5,BD8A7198F,Pintel T. Colin,158,2237469,3,3
01|01|2E870CCB33EA74BB,E07256466EA5,Jack T. Addison,1,60707789,5,3
05|05|58FA334EE6DF60F9,1B448922529,Elizabeth H. Connor,1,5064216,4,1
03|03|1A379B9B1B36F3DD,6C9E1340841A,Herman A. Adrian,1,29777,3,3
05|01|2B622964AF23D349,AED9919282E,Luke X. Threepwood,6.7,4562106,4,1
04|04|1EF504114768C987,FDDA20799305,Carina O. Andrew,1,66712,3,2
05|05|E39EB0F7C21237E4,5B8B1196DB60,Emma T. Marley,1,6868866,4,1
03|01|C7E0E9D660163AE,B7E32335BF82,Murray I. Diana,1050,63584984,3,2
04|04|F9B97BDFA1200FCC,6B1B378318D2,Isabella G. Bella,1,48807,3,2
04|04|6C4CAF02B80D3941,F393763BDF4,Stan S. Annabelle,1,75885,3,3
04|04|C393188DDD3EB042,138E95526523,Camila V. Alexa,1,26239,3,1
04|04|3557F9590C5D48A4,602769576B14,Harper O. Charles,1,74151,3,3
03|05|DC55F24E09B02427,2B9563555BF0,Abigail T. Ashley,158,3635093,3,2
05|05|40817B40BFECB298,2B1778063488,Grace R. Cameron,1,245036,4,2
02|01|A4AC3F844808CB56,8ECF7689D2AD,Stan X. Aubrey,1000,86936907,2,1
05|02|EC50166D4022E29,62A0114540BE,Aria A. Amanda,0.0067,87588,4,3
03|03|B78AE2AF129BB579,B3E8265814C8,Shansa T. Cole,1,85355,3,1
02|02|A2DCE15CABC64C55,23B231195592,Charlotte F. Brooklyn,1,65695,2,1
05|05|31C441EDD2C5EC58,99198617ECC4,Will F. Threepwood,1,8699224,4,1
05|05|A498704E4C3E5A32,D91764976578,Camila C. Ava,1,3235870,4,2
01|01|301278032F7403F1,F16035725C15,Jackson Z. Caroline,1,82762213,5,3
05|04|AB7672FB30789741,11378251F087,Harper C. Cameron,0.0057,46583,4,1
04|01|AB50462349E3529B,713C69648FCC,Riley B. Dominic,1176,11940222,3,3
04|03|F1F1A6C2AA904025,9FC02484AB61,Amelia A. Carson,1.11,41018,3,3
02|02|2AADBD3CEE41A86F,1B051518339E,Elizabeth A. Alexis,1,21269,2,2
05|05|744D6E57DF6844A3,B1C2515238D1,Daniel X. Brianna,1,524006,4,2
04|03|AE8ABB4025B151F8,A22F994796E8,Benjamin L. Ada,1.11,55292,3,1
04|02|939C0ADD38F2F759,56F2819C6C1,Riley O. Connor,1.18,11870,3,2
03|03|E6FD9408858145B9,371A2817B108,Amelia V. Amber,1,81764,3,1
01|01|5F4AE38E61CB21B8,D0BD7846D35C,Owen I. Christina,1,82883413,1,3
02|02|6E7E90A70E13321F,DCE845628724,Will F. Toothrot,1,37694,2,3
04|01|A1BA8BF37D4CE504,5426301A20E,Otis W. Diana,1176,70950174,3,3
02|02|848864661CCF979C,41D12159F1F8,Jack R. Brooklyn,1,54703,2,2
04|05|9DB40DE1CA197C67,C7CD59395E4E,Evelyn E. Adam,175,4986860,3,3
01|01|F34B331034E82684,F46B41348CEF,Grace K. Carter,1,83000262,5,3
04|04|B46FF311E206FD99,88827033978,Logan K. Casanova,1,18446,3,2
01|04|3B9B0242F51D8202,98BC4008FC44,Davy B. Brianna,0.00085,3001,5,3
04|01|DE3FCEF0852FEA3F,B8DA2852C39C,Henry R. Alice,1176,21507883,3,1
03|03|C1A9383891F39D95,7FFF2054CF16,Carina L. Christopher,1,45263,3,1
04|04|20686A7DF9EC3F20,24CE79618A34,Herman S. Ashley,1,47125,3,2
01|04|679E06F30A5F0F59,E552956681AC,Penelope J. Draco,0.00085,56354,1,1
04|01|B003494C58F59488,298647517243,Bootstrap M. Aaron,1176,24204741,3,1
02|02|ECE5A5B49B30193B,59CD1152E35F,LeChuck Y. Alexandra,1,66330,2,3
03|03|5B71A03E6699F810,2E348051A23E,Meathook C. Ashley,1,43557,3,1
04|04|D43FA8CDD7408C83,A3D44099858D,Layla D. Anna,1,69718,3,2
05|01|ADF5F5277B66F57A,2D901621259F,Jack B. Aidan,6.7,41634542,4,3
03|03|DEC0EF38376B88E8,7E513341BBA0,Elizabeth O. Amanda,1,55481,3,1
04|04|CB8BD91D6662FEAA,858953262A02,Henry Q. Carson,1,37417,3,1
05|05|3004B4497480793B,B2049938B929,Mila B. Benjamin,1,11443840,4,3
03|01|A09311B0AF459272,78272261A5D8,Liam T. Brooke,1050,27362143,3,2
05|05|7E0AB6F7F9CEDD30,332278245AE6,Tia K. Connor,1,8336749,4,1
05|05|61EBDD33D2EFCB4A,595F2113482F,Jacob Q. Aaron,1,5951823,4,3
03|03|19486670C8210397,238D4785665B,Sophia S. Marley,1,51586,3,1
04|04|2DA7E8B2782F453C,AC623834FE04,Samuel J. Charles,1,30681,3,3
03|02|DEF3A32FA945A368,79B93667F78F,Norrington R. Andrea,1.05,65038,3,3
04|04|1D5311E24DD674CA,34FD84019EAA,Barbossa F. Amber,1,40916,3,1
01|01|1CC55B901295C2ED,6AAF1497DE8E,Sofia X. Brooke,1,35303951,1,2
02|02|F5BFEFA62276C42A,18738073E6C8,Isabella Q. Toothrot,1,47250,2,2
04|01|D237C7CD297B70DC,9EF261794C9B,Will A. Amanda,1176,69619392,3,2
04|04|DCA6B73232D267DB,ABB658937D86,Angelica G. Chloe,1,66399,3,1
02|02|6C13EEE493807C22,F3CB9550C0E1,Carla R. Cameron,1,18630,2,1
03|04|211D36347EBBC10A,C4C364112AB,Alexander A. Alexander,0.9,7080,3,2
01|02|C78304AEFD8420D1,92ED64617AE6,Jackson O. Angel,0.001,37655,1,2
04|03|78D3E0CC918D9C86,695249951D25,Blackbeard E. Carlos,1.11,22027,3,1
03|03|E4D1E9598A6B0474,6D4D72491B22,Harper Q. Austin,1,4112,3,3
03|03|C39BA3DCC4EF00E8,E1FE44672530,Meathook H. Daniel,1,42481,3,1
02|02|FF1507BEB0D47B41,1F2428909F1A,Will A. The Skull,1,33310,2,3
03|03|686556C98A317105,C7948271D8EA,Tia B. Chase,1,4682,3,2
05|05|FA84DB0324A52E35,C7502517B480,Giselle W. Amber,1,8361727,4,3
02|02|CCBDD50F5C301BE5,42D48377652,Julian J. Ashley,1,40632,2,3
02|02|284966302A347E5F,231836452073,Michael O. Daniel,1,26536,2,3
02|02|222034848E60AFD1,DE4823194157,Otis N. Alia,1,66135,2,1
05|05|37B6330589B19258,A61F15318A31,Elaine I. Carter,1,4044620,4,3
02|05|63A7BD3782BB1540,592B58247B30,Benjamin E. Avery,150,12215724,2,3
05|02|81B513743107C5D0,7E2F5460FA1D,Pintel W. Hook,0.0067,31870,4,2
02|02|A5E254508CB7395F,22136507B4D,Charlotte K. Alexa,1,16188,2,2
03|04|D27A917C0776D7D9,BB491423BFB6,Carla F. Anthony,0.9,44613,3,3
01|05|1F8755BF17175363,A2FC680994B2,Meathook Y. Threepwood,0.15,5961852,1,3
05|02|154D5F9281776ED3,A6CC2545575C,Penelope D. Christopher,0.0067,37425,4,3
04|02|C95D728678CBFC8F,8B9C43576550,Hector A. Alexis,1.18,87945,3,2
03|03|E31C8D64BF491F03,86FC20944E91,Amelia U. Amber,1,11180,3,3
03|03|95347E892578BBF0,A8C704380A6,Henry G. Audrey,1,2040,3,1
02|02|BB285B5DD54D0790,EC3C565945CB,Daniel H. Alexander,1,13515,2,2
04|05|F78BDE94D7104FE5,3D571151C84D,Guybrush N. Cameron,175,5863825,3,2
02|02|A11A9EB5A63E63F9,4A446368E893,Emma G. Colin,1,53384,2,1
02|02|8B1C27DE7B439A0F,15D3777CAC9,Sao V. Carlos,1,4681,2,3
03|03|B6AEBCDC9DDE7F18,A93B45841025,Carla G. Avery,1,30019,3,3
03|01|C9919D11252D1AC2,AE054349D0D1,Murray P. Aidan,1050,69193102,3,1
03|03|FB672805BCBE48AA,C96E962410DC,Mila L. Addison,1,10560,3,2
03|03|27F0182DD39C3869,124F73977F45,Elizabeth J. Caleb,1,31114,3,1
05|03|ABD7DA947BC56A1C,6A151936451C,Norrington W. Addison,0.0063,79305,4,2
03|03|DA904C019EC8BD3B,212A3113B23D,Bootstrap M. David,1,25002,3,2
01|01|3545609977A67735,FAA93679A77D,Sao W. Threepwood,1,42587529,5,3
01|01|66FE9BEAF86C90CE,89B11660A73B,Chloe I. Alexis,1,49321976,5,3
03|01|4E2F7991636FA797,65D69407DB5D,Victoria P. Allison,1050,13944871,3,3
04|02|440B6EB79E959A4E,260127844B6,Evelyn G. Angel,1.18,78434,3,3
01|01|A8DF2F57E9052C86,AA8287432FFC,Daniel W. Diana,1,22700259,5,2
05|05|DD537E31D967A17F,81693678A5D2,Grace S. Caleb,1,10346932,4,2
01|01|359E7041772747A4,B7D91191C557,Amelia F. Alana,1,34960448,1,1
01|01|64B843BF76B66ED4,A9216392F23F,Abigail T. Charlotte,1,55810901,1,1
03|03|43993AB015FA1461,C888541848CC,Harper M. Allison,1,43706,3,2
01|01|E85C4DAE7AE18FA,1BBA667931F5,Jacob X. David,1,27734494,5,3
03|03|37A6F33E2606CC5A,C0F11385C934,Gabriel N. Caleb,1,628,3,2
05|01|3E2762A339251152,5B2A5079318A,Luke H. Ashley,6.7,14391955,4,3
02|02|9DC3BA49BBE67E22,6ADC1537BC8D,Liam M. Allison,1,11783,2,2
02|02|F14583745342E7B7,23EE901521DD,Michael V. Alia,1,55601,2,2
02|02|14A1022FDDBC4E4F,A20092497DEF,Carla N. Feed,1,49482,2,3
05|05|970ABD51A220871D,8A6D70775ADD,Elizabeth D. Christopher,1,8009026,4,3
03|04|3CCDF508C294483D,A8E14894721C,Chloe V. Anna,0.9,35541,3,3
01|01|6C5795400E3CAE39,D1A61878632B,James Z. Lady,1,78038522,5,1
05|05|2C47F0FAA3A33BA4,97D49789CFC,Hector M. Claire,1,7038710,4,2
02|02|93AD45419F40410E,2DC868908764,Voodoo O. Cole,1,75689,2,3
01|01|E3B3B44941256702,ED0D479285D7,Olivia O. Cody,1,17851917,1,2
04|04|A3903EB0B416863,70AF9079CAA0,Evelyn C. Alana,1,69250,3,3
04|04|6F8379664E3997CB,475768783897,Voodoo V. Ava,1,5340,3,3
04|04|3ECE85163ED5F11,D26988196982,Henry X. Lady,1,27013,3,1
01|02|B498EC538EDB7FA9,4C0273057700,Wally B. Cameron,0.001,74523,1,1
03|04|40620B94DE21EDC8,B2C39607B60C,Pintel L. Charles,0.9,18119,3,1
02|02|ADCF859BE4F19BDA,D34D7448FF44,Otis J. Christian,1,17450,2,1
05|05|B1755ABF9E53437,76715416C1B6,James P. Feed,1,11227026,4,3
01|05|985A15BAB50C0E41,7A659310BE8C,Sofia T. Cameron,0.15,8436329,5,1
01|01|BE6B90F93A48D823,AB0F2596BF22,Jack X. Benjamin,1,80236593,5,2
02|02|D6D0A8B7BD77562E,D19C99758640,Herman T. Connor,1,25793,2,2
03|03|D88BBAD11E071CB6,E89C91539787,Henry B. Christina,1,40271,3,3
04|04|E60FD4109E1421D8,2C4E8089E7BE,Henry W. Brianna,1,25203,3,3
03|03|3FACD0B83074AD0E,360F901925C2,Ragetti R. Lady,1,53340,3,2
03|05|CB435991CD17B9CF,B14C1695BA4A,Harper N. Feed,158,12609914,3,3
04|04|3941E61070A0057,B10D98342C9,Stan C. Cole,1,56550,3,3
05|03|B6488B83471DC8B1,155E20461025,Daniel G. Alex,0.0063,38903,4,3
01|01|AC2515D30B14B1C,E0CA1858875C,Lucas S. The Skull,1,8231764,5,1
05|05|8582F89A671417B0,3B473237FF13,Stan A. Christopher,1,2863108,4,2
03|03|6053D8D3BB0AE826,99BD363128BE,Jacob U. Charles,1,65110,3,2
04|04|13B4F98ED60F5D05,E06C4938BAFC,Sao T. Cooper,1,2198,3,2
05|03|CA309026211045E2,F2F88493ABC0,Riley Y. Connor,0.0063,27936,4,2
03|03|91F9F317352E788E,E3842362CF9F,Elijah P. Ada,1,78910,3,1
05|05|760F72B182311271,4B9F78948C2D,Tia S. Carson,1,1404361,4,3
03|03|B7B3143BCE276921,F6618468F169,Alexander O. Cameron,1,58606,3,3
03|01|1788D15BC3492C25,2991338196DA,Luke K. Aaron,1050,31495242,3,3
03|05|EC8907E99D6A5F23,67B52403DF3A,Murtogg V. Alex,158,4510319,3,2
05|05|80463A7A9B1E0572,265B198674DB,LeChuck J. Alexis,1,7109920,4,3
03|05|B6EADCEBC2078209,C8BD8920E1D1,Evelyn O. Andrew,158,4788328,3,2
04|04|7ECC89FEE3EB5B71,8CEC184954F,Penelope H. Annabelle,1,893,3,1
03|03|ADCE088A73D2DF0D,C37722154876,Oliver D. Feed,1,11944,3,2
05|04|69E396A441BFBF8C,88912123D1B,Elizabeth C. Draco,0.0057,42350,4,1
04|01|AE1183DCC8542E0B,3AE98088597A,Carina Z. Hook,1176,12948431,3,3
05|05|F9B8C9467A271D14,C81D5450E630,Jackson J. Threepwood,1,12284612,4,3
01|01|66A2791C8BB02D9E,773D6214561F,Davy B. Marley,1,51139903,1,2
01|01|D11243A6A0B1ED3,8A089537B61E,Sofia J. Anthony,1,37860391,1,2
03|03|E274854BF370AC2F,9A8E853460A8,Noah O. Alex,1,11651,3,3
04|05|B53AFDDBAC81DD53,2F354295E807,Murray O. Brianna,175,7743860,3,2
05|05|3A0999972EA5F217,EABB40134981,Avery F. Carter,1,8377332,4,2
05|05|825DF15B8ECCAAB3,F670718414CA,Samuel M. Draco,1,12810354,4,2
05|05|F31F496FFF99CDCB,AB3016534C4F,Ella Y. Amanda,1,10706540,4,2
04|05|4F663D82DA6F83F2,AA2F31032C94,Julian T. Casanova,175,5288804,3,2
05|04|37A79D15AD919CCA,95ED893955D0,Elaine B. Brooklyn,0.0057,76434,4,2
01|01|EA46004B49720BC6,7A867298BEBD,Henry I. Addison,1,49039375,5,3
02|01|72FE6177CD2B9B97,F97E57736720,Grace I. Carson,1000,16393903,2,1
02|02|6BC213192D3AE62,45AC55955DD1,Olivia W. Feed,1,60287,2,2
05|05|CFA14FCCC5904DB2,3BAB32263A53,Elaine B. Allison,1,9441843,4,3
01|02|C0F2F650BC8DA2D4,78DB3007CE2E,Giselle B. Brooke,0.001,87406,1,2
05|05|748D01EE70845F31,DCFC61227F40,Julian A. Caroline,1,13435899,4,3
03|01|E4C7F6EC7638B3AA,801E639179E0,Avery W. Audrey,1050,20283313,3,1
04|04|D554B124E3C67991,EF1056395BAD,Mila L. Claire,1,21525,3,2
04|01|B794A4E762A460E8,9F861523DB8,Layla W. Ariana,1176,6521427,3,2
04|04|949C79169951F910,C9688013AE38,Will X. Chloe,1,14383,3,1
03|05|B1C11B1C0BA34872,202B698349D0,Layla R. Angel,158,2794913,3,1
03|02|320EBE7DE9F8C59B,A9287293A79,Logan M. Alana,1.05,54028,3,1
02|02|C9BD921407299E71,893762558741,Levi R. Lady,1,38915,2,1
04|05|C9DA0A9F4652F302,C9C7325169E6,Oliver F. Brooklyn,175,2345772,3,1
04|05|E96F1415F565725D,50D45424F463,Henry D. Adam,175,7676021,3,2
02|02|B6344B6F4A17C292,68AF77906B02,Samuel G. Brooklyn,1,49386,2,3
01|01|E1E6A908D256E66C,D2ED27944F0C,Evelyn C. Adam,1,12926298,5,3
01|01|74FB7FE8877121B8,960C834666DB,Logan W. Chloe,1,29794801,5,1
01|01|46478D55999FC861,545E4427B8AA,Lucas S. David,1,32239087,1,2
05|05|964A6C13872CB7A6,E99385236A72,Murray I. Charles,1,4839507,4,1
03|02|FAA6D1CED2A4D13B,22C41488362E,Alexander C. Amanda,1.05,64868,3,3
01|05|73296848B34D67E9,7CE568933FD6,Angelica U. Diana,0.15,10250112,1,2
04|01|D320BED6F0F1886C,EA8D64345073,Ragetti E. Alana,1176,65378420,3,3
04|02|1E40FB4FF18CA84F,1E778525A268,Henry P. Amber,1.18,84149,3,1
01|05|82FFAA54CE34BC5,7B6792453C5C,LeChuck J. Caleb,0.15,4531691,1,1
04|01|4B99AB6A508C7D5B,27CD99657A16,Avery S. Aaron,1176,49339625,3,2
01|01|9100C50859C270B,B4693812BED0,Will N. Alana,1,79539966,5,3
03|01|441E2A89F9318F83,6C566941E1AE,Grace K. Amanda,1050,26418976,3,1
01|02|D4608B07B508B77,2B597920470F,Isabella O. Threepwood,0.001,16355,1,3
01|04|B8E6B55C777287A6,B0D15945B3F9,Isabella A. Aaron,0.00085,27526,1,3
04|01|68957630BD47A7C2,BE19902167B4,LeChuck J. Feed,1176,8894053,3,2
03|01|26F20695CE82AC5B,5BB298532C36,Angelica C. Adrian,1050,19995843,3,2
02|02|F8EC4646BED25A59,DA7C6592C2D3,Abigail U. Annabelle,1,2864,2,2
02|03|ADEC393BD41D35D9,90826250CFF3,Lucas Y. The Skull,0.95,30558,2,1
01|01|B20294BEB768F60E,4FBE8124F7A1,Luke A. Allison,1,67943197,5,3
03|03|163CFCF699341026,84042830FA3C,Elaine K. Christopher,1,64395,3,1
05|05|AB8F35FC10F4EE25,287460652652,Michael E. Claire,1,6597100,4,3
04|01|9A4315BE2A49D832,560368672D9,Charlotte K. Avery,1176,87374833,3,2
05|02|3F6F1FDC822811AB,96124638FEF3,Voodoo S. Andrew,0.0067,12594,4,2
03|04|1386CCD584613867,C7B546072243,Otis Q. Dylan,0.9,20277,3,1
05|05|C3BFA32D02F54876,14D53150A942,Michael Q. Bella,1,296987,4,3
02|02|8437D8E979E7FE9,FA8193862875,Liam W. Christopher,1,70804,2,3
04|04|B4294245A8110633,3A63260741BB,Meathook C. Aidan,1,51914,3,2
04|04|25D132BFA2FDD3D5,1B4069192285,Logan M. Alexis,1,66854,3,3
03|03|44287A942A5A0AF1,DF398810BBA5,Bootstrap J. Claire,1,70812,3,3
02|02|EF588779E7CEA47C,E2CA73486C5C,Emily T. Alia,1,3087,2,3
03|01|2867EA47303E8896,D0E239319701,Elijah E. Anna,1050,12270063,3,1
03|03|D68DA1A640A1EB0C,D1A677898FC7,Gibbs J. Ashley,1,39513,3,1
05|02|EE24CE4F0F9164B4,583B4229FFBD,Noah Z. Toothrot,0.0067,79315,4,1
01|01|434A0326654CDB86,A64955604EA0,Bootstrap W. Caleb,1,55885834,5,2
04|02|1A47A04593C5F413,DE3E61237EDD,Mateo R. Brianna,1.18,25306,3,2
05|04|CCC2216933D71909,401933827136,Samuel H. Feed,0.0057,13041,4,1
01|03|64BD1A16598AB358,23B253346C0A,Michael X. Bailey,0.00095,27200,1,1
03|01|29783ECBF864FCDC,4E3A4717D94E,Meathook W. Charles,1050,68422714,3,1
03|01|74ADDD4C532E8718,448965645B0,Oliver E. Ada,1050,87099907,3,2
04|04|C2F02281CADF8373,9CED43248253,Jack P. Chloe,1,69950,3,3
05|05|EC65BE19E0926AE1,65948784E23F,Carla S. Adrian,1,12500727,4,2
02|03|AD7D46958A27EB99,AA1A2135F6E1,Emily I. Addison,0.95,41373,2,3
02|03|B4E3AEA0B0B98964,9F017368680A,Shansa E. Charles,0.95,69012,2,3
01|01|E0C92CA331E05B73,1F1071819FA8,Lucas R. Adrian,1,3286488,1,2
04|04|3DD36A9AAB75B77C,D05715595735,Blackbeard X. Alexa,1,21911,3,3
01|02|36C51C7ADA1A798F,16976568E8EB,James X. Alexandra,0.001,54083,1,3
04|04|81B64F1980F79B87,838C66895F5A,Penelope N. Andrew,1,59289,3,2
01|01|AAB4F48732A8C82C,B48D11135501,Norrington W. Annabelle,1,36426104,1,1
01|01|515CF4B75C6C1AAA,ECB621355210,Jack O. Colin,1,963103,5,3
05|01|EDC6934E6BB2444E,F5F236797338,Mia K. Anna,6.7,36272035,4,1
02|05|C9E5398327E84D6B,9F586547EE8,Victoria J. Alexandra,150,535820,2,1
01|01|1930F9922B5AD170,17991345452E,Carina W. Alexa,1,35267191,5,1
05|05|F6639AC13CBAEB81,4B4740218E12,Henry K. Anthony,1,7571013,4,1
02|02|180EB87C67440624,FF885307BBBB,Angelica I. Caleb,1,10080,2,2
02|01|D52D3F50159D51B0,9E1D84565E12,Elaine P. Adam,1000,38440904,2,3
04|04|A562DE0BA2D2F48C,6E963644D722,Sao C. David,1,2302,3,1
05|03|41897D53CABDAE15,B2665480F919,Meathook H. Alia,0.0063,83542,4,2
04|04|457834CD068759E2,9162133262F8,Tia E. Ava,1,41462,3,3
03|03|7E9985ED97AC549B,12429018E74E,Samuel X. Anna,1,82312,3,3
03|03|3CD44B40C63D523,5C653550ABA1,Henry A. Carson,1,37236,3,2
02|02|7F6472E2FCEF5C39,A20994323467,Mateo N. Dominic,1,82025,2,3
01|02|3867980A9EC670C7,E9FC52257F9B,Sebastian N. Marley,0.001,75767,5,1
04|03|EBC8FA16DA08014F,26002922664F,Riley A. Brooklyn,1.11,14257,3,3
04|04|8629D30CD00B78F1,ED3983625756,Sofia M. Alice,1,52286,3,3
02|02|A5ADE6CDA7D790C9,993F1823FFAD,Benjamin M. Alexander,1,8337,2,2
05|02|DD4F2FAF8E740B16,715C5145168F,Jackson D. Andrew,0.0067,46658,4,1
05|05|414AC1BEC885CA3F,4E1C40067DDE,Lucas P. Alexander,1,3395215,4,3
01|01|5701614FC17C2E3D,6A0956572151,Michael E. Draco,1,20887859,5,3
02|02|B36CD1D192E78384,2DA114375688,Giselle K. Caroline,1,40559,2,1
02|02|A75D92CA846B97B8,17979457A0EB,Evelyn A. Daniel,1,34502,2,1
03|03|D036FBBE3586529F,C24E6432463,Norrington C. Lady,1,63948,3,1
04|04|CF5775ED233ED76,E36C3877BFFB,Guybrush N. Ava,1,30559,3,1
05|05|A3A247ABB10F77FB,10AB4503BE48,Sebastian J. Audrey,1,5110825,4,2
05|05|F52C24CB43056827,8A362395E4E1,Murray B. Avery,1,6302743,4,2
05|05|1C9F298DD9F20FEB,96D180181001,Will P. Aidan,1,10209174,4,3
04|04|AD2E2ED469F435E9,FD98270252D9,Benjamin Z. Caroline,1,34707,3,3
03|04|5AEB977998390D32,E5C82781E71A,Sebastian X. Ashley,0.9,42845,3,2
04|05|44E532487A74351F,85243980F1F8,James W. The Skull,175,1027120,3,2
01|03|9E79BB38C244BB9,67EC3604DEEC,Henry Q. Alex,0.00095,46819,5,3
03|03|EA6C4257CB33B529,5B939015A1F0,Layla J. Diana,1,61101,3,3
03|03|C723A832C5C8E878,CD1C18107BCE,Will T. Alana,1,47393,3,2
01|05|E858D31DE0191C21,97212415F914,Mia X. Brianna,0.15,2708235,1,1
05|05|5EB1DC9BB788E975,AC4A2977EBB7,Elizabeth W. Cooper,1,2123748,4,3
01|05|38BE78846560C31C,78A54559C489,Mateo W. Ada,0.15,2194032,1,3
01|01|A2DEC08B105D6875,97602617B777,Amelia M. Alexander,1,12737881,5,3
02|02|50F66A0EF4AD638F,A1642230D6A4,Blackbeard P. Carter,1,67878,2,1
02|02|31F6F2CA18925553,3ED42945AE59,William I. Angel,1,44534,2,2
05|05|7C7D91B121121094,1B97404640E2,Gibbs W. Andrew,1,3739185,4,1
04|04|1EB9B3EA09D8DA0,4A074927800B,Mateo I. Annabelle,1,55236,3,1
03|03|38BB11CB0C9DA6A6,AEC49435F959,Pintel M. Alexander,1,46957,3,2
04|04|C5C6AA5E6ACC13F6,7F76832311D7,Norrington X. Angel,1,33572,3,2
02|04|B6CE7FA2AFC02EA0,1FD47277F2DA,Chloe X. Audrey,0.85,41827,2,2
03|03|FC1593B4C3195D55,582D55852DCC,Ragetti Q. Allison,1,35910,3,3
03|02|825A54E031F94ED9,827D641689EA,Gabriel Y. Dylan,1.05,18504,3,1
05|05|677DD6C0B892AF46,62974016A69,Elijah X. Caleb,1,10427766,4,3
02|02|BA2BA02B2492FFD3,A3B61292F76B,Giselle T. Aaron,1,86950,2,3
03|03|F552A6FD1EAAF2C,10D33059EBD2,Sao K. Austin,1,21331,3,1
04|01|69F658F01DEDBB6A,6A6E85151F1D,James K. Alexander,1176,29550217,3,3
03|03|29187244AFBFAF2E,C6B45042FC,Stan C. Andrew,1,79517,3,3
03|04|47E0DA1D63BF1768,B8D15542DDF2,Theodore E. Brooklyn,0.9,18326,3,3
02|04|3772C3D03E177BA0,D88027367769,Sebastian M. Alice,0.85,63874,2,1
04|05|A8F0875A8613F240,1F3682823735,Evelyn V. Addison,175,9692204,3,1
04|04|F5B35FC8B612870,280994282519,Camila S. Ada,1,8497,3,3
02|01|E3DB265FE3D6BABB,A9DB6550997E,Herman A. Charles,1000,8142667,2,2
05|04|810B07A018ECEDF8,F2F389933F6B,Michael D. Alexa,0.0057,20627,4,2
03|04|5EF605F315AF31FB,699887393528,William N. Toothrot,0.9,51994,3,3
05|05|DC95CE89BB042BCC,5E14215B531,Camila U. David,1,11067522,4,1
01|01|D7F5738720ED0F77,6E5997453F90,Will Z. Caroline,1,83135486,1,1
03|05|9BBFD19EABA0DE33,E43C4978BA4A,Elizabeth B. Chase,158,10584305,3,1
01|01|6BF87AB2AFD30480,B0913140C70,Elijah K. Colin,1,16673694,1,1
05|03|BFA8474E47FBEF9E,AC0D1905E11E,Abigail U. Annabelle,0.0063,73989,4,1
03|03|25DA86DA9AAC7B31,F4A2681274E1,Julian K. Andrea,1,72491,3,3
05|02|9EC630EDB47FC1C1,C5214530D330,Elijah Z. Aaron,0.0067,69779,4,1
02|02|EB8BC7AE22E9A4F8,170A3948ECFE,Blackbeard I. Alana,1,41401,2,1
04|03|AAA3E31B5A6A5D6,DA864481BD79,Harper J. Alexis,1.11,71984,3,1
04|05|89BAF08A4BCEF6E8,E0C743507E72,Mateo J. Feed,175,11932864,3,1
03|03|AED2553E849F0B2D,A26E85172FEA,Elijah T. Brooke,1,32190,3,2
01|02|670D0C62E2D6448D,D1054522EC7C,Giselle P. Diana,0.001,23439,1,3
05|05|86353E8A402A4DDE,6B284708B9F1,Bootstrap B. Alice,1,10586660,4,1
05|05|DD510F4B2066BBA7,D105545917BC,Sebastian U. Brianna,1,11302433,4,3
03|03|3B23F0DA29E2F3C9,A9D67304D3A3,Jackson W. Angel,1,26122,3,1
05|02|BCD282E5000C0BCF,7CDB24824C15,Camila M. Charles,0.0067,60250,4,2
02|02|69F1DBA4DE810C8B,8F7E592195A3,Camila P. Threepwood,1,68036,2,3
03|02|8B6841B22F600D70,13FF6681FA9D,Oliver J. David,1.05,42048,3,3
04|04|4600DED4E787111D,E418632E18D,Mila Y. Connor,1,72387,3,2
05|05|F6238305916E0073,4C3746787F70,Elaine A. Connor,1,8416277,4,1
05|02|C87B19EF8FCE34FF,12A460538DA3,Ragetti C. Carlos,0.0067,64356,4,1
02|02|E03D3C0203EDC7DE,59651398A9C0,Hector P. Ada,1,86808,2,3
01|01|AFE32BD5F39D453E,B52363546B,Elizabeth M. Allison,1,48154463,1,2
02|04|63E91E964F961C5D,1761630071D4,Elizabeth P. Amber,0.85,35891,2,2
04|04|88014D36B6077529,F96394346557,Sebastian K. Bailey,1,20086,3,1
05|01|C67A10DD468E48AD,BC0136292661,Oliver B. Cole,6.7,7369783,4,3
03|03|74ACE7EC435A067B,D961628843F,Bootstrap F. Allison,1,52871,3,1
02|02|D90CDDE554D24AF4,CEA950254EF7,Elaine H. Cameron,1,17636,2,1
03|05|C85EF410633DA681,51530358C9,Meathook S. Anna,158,8619314,3,1
02|02|7681D5AA797ACACD,D5864028F96D,Layla F. Caroline,1,42099,2,2
02|03|A1FB9889D7ED3AA8,7796496219C6,Meathook Q. Lady,0.95,47179,2,1
01|01|3A49679145C31186,753F1720F2C4,Pintel A. Benjamin,1,18462028,1,2
01|01|D1D38AC1EE1D80D1,CBFF962288AE,Avery V. Marley,1,7651136,1,3
02|02|A2ACE3599EDC8ECC,17FC7698F1F4,Sao G. Benjamin,1,75020,2,3
02|02|9C7CA349CC19D0AB,F6E6704DE90,Sofia N. Cooper,1,41251,2,2
01|05|733FF6E926880D29,A5BE54206521,James S. Hook,0.15,12785019,5,3
05|03|42C49362AC8A9409,B61490814BF9,Evelyn A. Carson,0.0063,24180,4,1
03|03|1FB11B919C76940C,92D033398E6A,Alexander B. Christian,1,4882,3,2
01|01|F0D335CD5082236D,643A3263A93C,Isabella J. Austin,1,16003492,5,3
02|02|CF290FA7520C40FB,49E65343AA25,James C. Amanda,1,59798,2,3
02|03|7649200AA7FFF1EC,B39434032762,Logan J. Alice,0.95,9531,2,3
05|05|6D44A09008DBFFE1,1EE580651A39,Avery Q. Cooper,1,3004372,4,2
05|04|CC7F83ECBFCDA310,5A612897AEC1,Abigail Q. Ashley,0.0057,71167,4,2
04|01|D1414095FE962987,AA3916385FBD,Jackson G. Cooper,1176,57792626,3,3
01|01|8238A3C2A13D30F1,3D3B4804A64B,Jacob O. Adam,1,35994629,1,1
02|01|BA54A266A97BECD0,46C4486529B,Angelica K. Anthony,1000,44803986,2,1
03|03|DC8919FCEDD164EF,C3921421CBA2,Carina Z. Alexander,1,21163,3,1
04|01|20EAC4C25756BE70,2CBD9751FFEA,Voodoo W. Diana,1176,60597032,3,1
01|04|60E8AA97C209F045,F512145550DA,Sao G. Dominic,0.00085,62139,1,2
03|02|A7C638595E060532,E05B4045944D,Stan I. Claire,1.05,54788,3,3
02|05|9AB4B6A614301E82,BFE08670AC49,Noah E. Ava,150,2603252,2,3
03|04|51C77AA6B739A044,3358653596CC,Pintel G. Anna,0.9,50738,3,3
02|02|F69F68C0185CBC12,6B7056285B5F,Jack D. Aaron,1,39131,2,1
01|05|3CEA3C2DE3E5A6A6,617B66357F8F,William C. Bella,0.15,1363505,1,1
04|04|E154E4C8762130B9,CC2076514C88,Charlotte S. David,1,19877,3,3
05|01|DC55DCC3DA7EB13,C90E50141EC4,Meathook H. Christina,6.7,52160743,4,3
02|03|4B55F63D3D906E00,620125784C5F,Ella O. Angel,0.95,68257,2,3
04|04|98D4BC7BADF0C318,8829623141B7,Luke C. Andrea,1,58140,3,1
03|04|AD5368630246205B,2D708396CA71,Amelia N. Threepwood,0.9,31922,3,1
05|03|61F655A09591882,E68C835629F9,Theodore W. Anthony,0.0063,65980,4,1
01|05|8CB4399BF9E9E9E2,3519738270C9,Abigail U. Caleb,0.15,2625387,5,2
04|04|34602EB7FBA8B818,80D99082A630,Wally N. Aubrey,1,3959,3,3
02|02|651CCA70F0414019,802687263617,Grace D. Connor,1,56219,2,2
02|04|1B99FE5D33264A94,324B58458F91,Voodoo O. Brooklyn,0.85,43279,2,2
03|02|5BCF3BB12A8C69D5,EA96853692DA,Abigail C. Andrea,1.05,2938,3,3
